id,web_name,team,element_type,now_cost,total_points,form,ict_index,influence,creativity,threat,expected_goals,expected_assists,expected_goal_involvements,saves,clean_sheets,next_3_gw_fixtures
1,Fábio Vieira,1,3,5.4,0,0.0,0.0,0.0,0.0,0.0,0.00,0.00,0.00,0,0,2.6666666666666665
2,G.Jesus,1,4,6.5,42,0.0,52.6,154.4,119.5,255.0,3.05,0.52,3.57,0,2,2.6666666666666665
3,Gabriel,1,2,6.3,117,2.0,108.2,584.6,208.8,287.0,2.70,1.21,3.91,0,10,2.6666666666666665
4,Havertz,1,4,7.7,96,0.0,142.6,467.2,257.0,701.0,9.39,1.63,11.02,0,7,2.6666666666666665
5,Hein,1,1,4.0,0,0.0,0.0,0.0,0.0,0.0,0.00,0.00,0.00,0,0,2.6666666666666665
6,J.Timber,1,2,5.6,109,5.5,90.1,367.8,280.9,254.0,1.23,1.23,2.46,0,11,2.6666666666666665
7,Jorginho,1,3,4.6,17,0.2,12.5,41.2,76.2,7.0,0.04,0.53,0.57,0,2,2.6666666666666665
8,Kiwior,1,2,4.8,17,1.0,12.4,84.0,30.2,9.0,0.06,0.12,0.18,0,1,2.6666666666666665
9,Martinelli,1,3,6.5,99,2.5,158.4,440.0,455.0,688.0,4.86,3.44,8.30,0,8,2.6666666666666665
12,Nwaneri,1,3,4.5,53,2.2,63.2,235.0,204.2,193.0,0.96,1.54,2.50,0,3,2.6666666666666665
13,Ødegaard,1,3,8.2,79,2.8,147.4,366.4,727.6,379.0,4.27,5.47,9.74,0,9,2.6666666666666665
15,Raya,1,1,5.5,121,3.2,65.1,649.8,0.6,0.0,0.00,0.01,0.01,74,11,2.6666666666666665
16,Rice,1,3,6.2,92,4.0,164.7,552.0,808.3,291.0,2.55,5.15,7.70,0,9,2.6666666666666665
17,Saka,1,3,10.4,116,2.2,185.7,556.4,650.4,651.0,5.08,5.93,11.01,0,6,2.6666666666666665
18,Saliba,1,2,6.4,118,3.8,77.9,566.6,99.1,111.0,2.15,0.93,3.08,0,11,2.6666666666666665
20,Thomas,1,3,4.9,87,1.5,97.3,503.0,319.9,147.0,1.74,2.15,3.89,0,7,2.6666666666666665
21,Tierney,1,2,4.3,7,0.8,11.4,27.2,73.5,13.0,0.21,0.48,0.69,0,0,2.6666666666666665
22,Tomiyasu,1,2,4.8,1,0.0,1.0,0.4,0.3,9.0,0.18,0.00,0.18,0,0,2.6666666666666665
23,Trossard,1,3,6.7,110,3.5,155.4,440.2,507.9,610.0,4.98,3.12,8.10,0,9,2.6666666666666665
24,White,1,2,6.1,31,0.5,26.2,144.4,68.9,49.0,0.38,0.44,0.82,0,3,2.6666666666666665
25,Zinchenko,1,2,4.8,19,0.0,9.7,25.2,33.3,39.0,0.16,0.12,0.28,0,2,2.6666666666666665
73,Neto,1,1,4.1,7,0.0,7.8,77.8,0.0,0.0,0.00,0.00,0.00,11,0,2.6666666666666665
186,Sterling,1,3,6.7,21,1.0,25.7,57.8,92.9,108.0,1.32,0.38,1.70,0,1,2.6666666666666665
578,Calafiori,1,2,5.8,37,0.2,53.9,249.6,116.2,174.0,0.86,0.68,1.54,0,1,2.6666666666666665
597,Lewis-Skelly,1,3,4.5,26,2.0,27.3,128.4,106.3,41.0,0.04,0.34,0.38,0,4,2.6666666666666665
633,Merino,1,3,6.1,80,5.8,103.5,384.8,220.2,430.0,3.98,1.09,5.07,0,4,2.6666666666666665
638,Oulad M'hand,1,3,4.5,0,0.0,0.0,0.0,0.0,0.0,0.00,0.00,0.00,0,0,2.6666666666666665
639,Setford,1,1,4.5,0,0.0,0.0,0.0,0.0,0.0,0.00,0.00,0.00,0,0,2.6666666666666665
657,Kacurri,1,2,4.0,0,0.0,0.0,0.0,0.0,0.0,0.00,0.00,0.00,0,0,2.6666666666666665
659,Kabia,1,3,4.5,0,0.0,0.0,0.0,0.0,0.0,0.00,0.00,0.00,0,0,2.6666666666666665
662,Nichols,1,2,4.0,0,0.0,0.0,0.0,0.0,0.0,0.00,0.00,0.00,0,0,2.6666666666666665
665,Butler-Oyedeji,1,4,4.5,0,0.0,0.0,0.0,0.0,0.0,0.00,0.00,0.00,0,0,2.6666666666666665
735,Arteta,1,5,1.5,60,6.2,0.0,0.0,0.0,0.0,0.00,0.00,0.00,0,0,2.6666666666666665
756,Porter,1,1,4.0,0,0.0,0.0,0.0,0.0,0.0,0.00,0.00,0.00,0,0,2.6666666666666665
790,Gower,1,3,4.5,0,0.0,0.0,0.0,0.0,0.0,0.00,0.00,0.00,0,0,2.6666666666666665
28,Bailey,2,3,6.2,46,0.3,69.8,144.4,234.8,323.0,1.73,2.92,4.65,0,2,2.6666666666666665
29,Barkley,2,3,5.2,40,0.0,50.3,203.4,115.5,185.0,1.68,0.41,2.09,0,1,2.6666666666666665
30,Barrenechea,2,3,4.9,0,0.0,0.0,0.0,0.0,0.0,0.00,0.00,0.00,0,0,2.6666666666666665
31,Buendia,2,3,5.1,11,0.0,5.2,16.4,23.2,16.0,0.65,0.03,0.68,0,0,2.6666666666666665
32,Cash,2,2,4.4,47,2.0,52.8,261.6,149.1,117.0,0.26,1.11,1.37,0,3,2.6666666666666665
33,Dendoncker,2,3,4.5,0,0.0,0.0,0.0,0.0,0.0,0.00,0.00,0.00,0,0,2.6666666666666665
34,Diaby,2,3,6.5,0,0.0,0.0,0.0,0.0,0.0,0.00,0.00,0.00,0,0,2.6666666666666665
35,Diego Carlos,2,2,4.5,21,0.0,21.5,150.6,9.2,54.0,0.64,0.08,0.72,0,2,2.6666666666666665
36,Digne,2,2,4.5,81,4.0,113.5,474.2,549.5,112.0,0.80,3.67,4.47,0,5,2.6666666666666665
37,Dobbin,2,3,5.0,0,0.0,0.0,0.0,0.0,0.0,0.00,0.00,0.00,0,0,2.6666666666666665
38,Duran,2,4,5.7,53,0.0,67.5,273.8,68.9,334.0,5.11,0.24,5.35,0,2,2.6666666666666665
39,Gauci,2,1,4.0,0,0.0,0.0,0.0,0.0,0.0,0.00,0.00,0.00,0,0,2.6666666666666665
40,Hause,2,2,3.9,0,0.0,0.0,0.0,0.0,0.0,0.00,0.00,0.00,0,0,2.6666666666666665
41,Iling Jr,2,3,5.4,0,0.0,0.0,0.0,0.0,0.0,0.00,0.00,0.00,0,0,2.6666666666666665
42,Kamara,2,3,5.0,34,1.7,41.3,237.4,133.7,40.0,0.36,0.35,0.71,0,3,2.6666666666666665
43,Kesler-Hayden,2,2,4.0,0,0.0,0.0,0.0,0.0,0.0,0.00,0.00,0.00,0,0,2.6666666666666665
44,Konsa,2,2,4.4,66,4.7,59.1,400.8,85.0,105.0,0.72,0.42,1.14,0,4,2.6666666666666665
45,Maatsen,2,2,4.5,29,1.7,55.4,175.4,245.8,132.0,0.36,2.10,2.46,0,0,2.6666666666666665
46,Marschall,2,1,4.0,0,0.0,0.0,0.0,0.0,0.0,0.00,0.00,0.00,0,0,2.6666666666666665
47,Martinez,2,1,5.0,80,2.3,68.0,669.4,10.0,0.0,0.00,0.01,0.01,79,4,2.6666666666666665
48,McGinn,2,3,5.2,57,2.0,78.2,187.0,415.5,182.0,2.20,2.42,4.62,0,5,2.6666666666666665
49,Mings,2,2,4.4,33,3.3,29.4,194.8,36.4,61.0,0.80,0.19,0.99,0,2,2.6666666666666665
50,Nedeljkovic,2,2,3.9,5,0.0,3.0,22.8,7.2,0.0,0.00,0.02,0.02,0,0,2.6666666666666665
51,Olsen,2,1,4.5,8,2.3,3.7,37.0,0.0,0.0,0.00,0.00,0.00,5,1,2.6666666666666665
52,Pau,2,2,4.2,40,2.7,44.4,292.0,56.2,94.0,0.51,0.34,0.85,0,3,2.6666666666666665
53,Ramsey,2,3,5.4,56,3.3,65.0,206.6,242.5,201.0,1.30,2.00,3.30,0,3,2.6666666666666665
54,Rogers,2,3,5.5,132,7.3,174.6,592.4,573.5,580.0,5.73,3.83,9.56,0,6,2.6666666666666665
55,Sinisalo,2,1,4.0,0,0.0,0.0,0.0,0.0,0.0,0.00,0.00,0.00,0,0,2.6666666666666665
56,Sousa,2,2,4.0,0,0.0,0.0,0.0,0.0,0.0,0.00,0.00,0.00,0,0,2.6666666666666665
57,Tielemans,2,3,5.5,94,4.0,175.2,672.6,840.9,238.0,2.68,5.26,7.94,0,5,2.6666666666666665
58,Watkins,2,4,8.9,149,3.7,185.7,618.2,290.0,966.0,13.61,1.57,15.18,0,7,2.6666666666666665
167,Disasi,2,2,4.2,32,2.7,29.4,166.4,75.6,51.0,0.37,0.37,0.74,0,3,2.6666666666666665
233,Onana,2,3,4.8,44,1.0,52.6,234.4,110.1,180.0,1.85,0.26,2.11,0,2,2.6666666666666665
385,Rashford,2,3,6.7,83,3.3,102.3,348.0,379.1,294.0,3.06,3.25,6.31,0,6,2.6666666666666665
598,Bogarde,2,2,3.9,6,0.0,13.3,84.8,33.3,15.0,0.04,0.13,0.17,0,0,2.6666666666666665
640,Swinkels,2,2,4.0,0,0.0,0.0,0.0,0.0,0.0,0.00,0.00,0.00,0,0,2.6666666666666665
641,Zych,2,1,4.0,0,0.0,0.0,0.0,0.0,0.0,0.00,0.00,0.00,0,0,2.6666666666666665
656,Young,2,3,4.4,0,0.0,0.0,0.0,0.0,0.0,0.00,0.00,0.00,0,0,2.6666666666666665
679,Broggio,2,3,4.5,0,0.0,0.0,0.0,0.0,0.0,0.00,0.00,0.00,0,0,2.6666666666666665
710,Jimoh,2,3,4.5,0,0.0,0.0,0.0,0.0,0.0,0.00,0.00,0.00,0,0,2.6666666666666665
725,Malen,2,3,5.3,23,5.7,23.6,91.8,18.0,127.0,1.33,0.04,1.37,0,0,2.6666666666666665
731,A. Garcia,2,2,4.5,7,0.3,11.5,41.6,67.3,7.0,0.04,0.49,0.53,0,0,2.6666666666666665
737,Emery,2,5,0.8,55,9.3,0.0,0.0,0.0,0.0,0.00,0.00,0.00,0,0,2.6666666666666665
762,M.Asensio,2,3,6.2,32,4.3,37.7,146.8,77.5,152.0,2.12,0.19,2.31,0,0,2.6666666666666665
59,Aarons,3,2,4.3,8,0.0,1.7,13.2,3.2,0.0,0.00,0.01,0.01,0,1,3.3333333333333335
60,Adams,3,3,4.9,44,1.8,55.9,322.2,184.3,51.0,0.87,0.41,1.28,0,3,3.3333333333333335
61,Anthony,3,3,4.5,0,0.0,0.0,0.0,0.0,0.0,0.00,0.00,0.00,0,0,3.3333333333333335
62,Brooks,3,3,4.9,45,1.0,63.3,165.0,239.7,235.0,2.20,1.62,3.82,0,2,3.3333333333333335
63,Christie,3,3,4.9,76,1.2,139.6,514.0,576.8,303.0,2.14,2.90,5.04,0,8,3.3333333333333335
64,Cook,3,3,5.0,75,2.8,133.4,539.8,682.9,111.0,0.87,3.63,4.50,0,4,3.3333333333333335
65,Enes Ünal,3,4,5.4,32,0.0,35.9,104.0,56.1,207.0,2.73,0.26,2.99,0,2,3.3333333333333335
66,Faivre,3,3,5.0,0,0.0,0.0,0.0,0.0,0.0,0.00,0.00,0.00,0,0,3.3333333333333335
67,H.Traorè,3,3,4.5,0,0.0,0.0,0.0,0.0,0.0,0.00,0.00,0.00,0,0,3.3333333333333335
68,Hill,3,2,3.9,17,0.5,16.6,97.0,38.4,29.0,0.29,0.25,0.54,0,1,3.3333333333333335
69,Jebbison,3,4,4.5,10,0.8,9.7,21.0,37.8,38.0,0.21,0.12,0.33,0,0,3.3333333333333335
70,Kerkez,3,2,5.3,107,2.5,128.1,606.6,472.0,203.0,0.52,2.03,2.55,0,6,3.3333333333333335
71,Kluivert,3,3,6.1,147,1.8,196.6,680.4,591.6,692.0,9.58,3.13,12.71,0,10,3.3333333333333335
72,Mepham,3,2,4.4,0,0.0,0.0,0.0,0.0,0.0,0.00,0.00,0.00,0,0,3.3333333333333335
74,O.Dango,3,3,4.9,103,1.5,162.2,554.8,399.7,671.0,7.77,2.86,10.63,0,5,3.3333333333333335
75,Paulsen,3,1,4.0,0,0.0,0.0,0.0,0.0,0.0,0.00,0.00,0.00,0,0,3.3333333333333335
76,Philip,3,3,4.8,10,0.0,20.4,54.0,102.4,47.0,0.55,0.97,1.52,0,0,3.3333333333333335
77,Scott,3,3,4.7,18,1.0,28.7,104.0,102.1,80.0,0.47,0.45,0.92,0,1,3.3333333333333335
78,Semenyo,3,3,5.7,119,2.5,224.0,601.0,586.6,1060.0,8.42,4.01,12.43,0,7,3.3333333333333335
79,Senesi,3,2,4.6,23,0.5,35.3,241.0,81.1,29.0,0.81,0.46,1.27,0,1,3.3333333333333335
80,Sinisterra,3,3,4.8,23,0.5,42.3,112.0,115.3,195.0,1.18,1.29,2.47,0,0,3.3333333333333335
81,Smith,3,2,4.4,36,0.5,22.2,128.8,87.8,8.0,0.60,0.14,0.74,0,3,3.3333333333333335
83,Tavernier,3,3,5.4,72,2.0,131.3,392.4,532.0,389.0,5.17,2.48,7.65,0,3,3.3333333333333335
84,Travers,3,1,4.4,19,0.0,14.6,146.4,0.0,0.0,0.00,0.01,0.01,20,1,3.3333333333333335
85,Zabarnyi,3,2,4.4,67,0.8,70.6,515.0,137.8,51.0,0.98,0.47,1.45,0,6,3.3333333333333335
152,Arrizabalaga,3,1,4.6,74,1.0,59.4,580.8,10.4,4.0,0.06,0.02,0.08,78,5,3.3333333333333335
580,Huijsen,3,2,4.5,75,1.2,95.5,623.0,176.8,155.0,1.63,1.45,3.08,0,5,3.3333333333333335
592,J.Araujo,3,2,4.3,8,0.0,5.1,40.0,7.9,2.0,0.00,0.04,0.04,0,0,3.3333333333333335
599,Dennis,3,1,3.9,0,0.0,0.0,0.0,0.0,0.0,0.00,0.00,0.00,0,0,3.3333333333333335
617,Evanilson,3,4,5.8,110,7.8,145.6,394.8,264.1,801.0,10.21,1.44,11.65,0,8,3.3333333333333335
680,Kinsey,3,2,4.0,0,0.0,0.0,0.0,0.0,0.0,0.00,0.00,0.00,0,0,3.3333333333333335
687,Winterburn,3,3,4.5,3,0.2,0.4,2.4,0.2,2.0,0.00,0.00,0.00,0,0,3.3333333333333335
702,Harris,3,2,4.0,0,0.0,0.0,0.0,0.0,0.0,0.00,0.00,0.00,0,0,3.3333333333333335
707,Rees-Dottin,3,4,4.5,1,0.0,0.0,0.0,0.0,0.0,0.00,0.00,0.00,0,0,3.3333333333333335
712,Akinmboni,3,2,4.0,0,0.0,0.0,0.0,0.0,0.0,0.00,0.00,0.00,0,0,3.3333333333333335
713,Soler,3,2,3.9,0,0.0,0.0,0.0,0.0,0.0,0.00,0.00,0.00,0,0,3.3333333333333335
722,Adu-Adjei,3,4,4.5,0,0.0,0.0,0.0,0.0,0.0,0.00,0.00,0.00,0,0,3.3333333333333335
723,Sadi,3,3,4.5,0,0.0,0.0,0.0,0.0,0.0,0.00,0.00,0.00,0,0,3.3333333333333335
727,McKenna,3,1,4.0,0,0.0,0.0,0.0,0.0,0.0,0.00,0.00,0.00,0,0,3.3333333333333335
728,Silcott-Duberry,3,3,4.5,1,0.0,0.3,2.0,1.0,0.0,0.00,0.00,0.00,0,0,3.3333333333333335
738,Iraola,3,5,1.1,35,3.0,0.0,0.0,0.0,0.0,0.00,0.00,0.00,0,0,3.3333333333333335
86,Ajer,4,2,4.4,35,2.5,41.6,174.6,114.2,127.0,0.72,0.45,1.17,0,3,3.3333333333333335
87,Brierley,4,3,4.4,0,0.0,0.0,0.0,0.0,0.0,0.00,0.00,0.00,0,0,3.3333333333333335
88,Collins,4,2,4.5,98,2.8,122.1,842.8,121.6,256.0,2.28,1.23,3.51,0,6,3.3333333333333335
89,Damsgaard,4,3,5.1,112,2.0,181.1,647.0,859.7,305.0,2.64,5.69,8.33,0,9,3.3333333333333335
90,Dasilva,4,3,4.8,0,0.0,0.0,0.0,0.0,0.0,0.00,0.00,0.00,0,0,3.3333333333333335
91,Flekken,4,1,4.4,107,4.2,110.6,1088.2,20.3,0.0,0.00,0.10,0.10,130,5,3.3333333333333335
92,Henry,4,2,4.3,1,0.0,0.1,1.0,0.3,0.0,0.00,0.00,0.00,0,0,3.3333333333333335
93,Hickey,4,2,4.3,0,0.0,0.0,0.0,0.0,0.0,0.00,0.00,0.00,0,0,3.3333333333333335
94,Janelt,4,3,4.8,70,1.0,73.5,340.8,267.1,127.0,0.83,2.31,3.14,0,6,3.3333333333333335
95,Jensen,4,3,5.3,29,0.5,36.1,115.8,210.1,32.0,0.23,1.20,1.43,0,2,3.3333333333333335
96,Ji-soo,4,2,3.9,3,0.2,0.6,5.0,0.8,0.0,0.00,0.00,0.00,0,0,3.3333333333333335
97,Konak,4,3,4.4,7,0.2,1.2,7.8,3.7,3.0,0.15,0.00,0.15,0,0,3.3333333333333335
98,Lewis-Potter,4,3,5.0,79,2.0,122.5,467.2,376.7,379.0,2.45,4.48,6.93,0,7,3.3333333333333335
99,Mbeumo,4,3,8.1,190,4.8,267.8,961.4,869.6,844.0,10.25,7.62,17.86,0,7,3.3333333333333335
100,Mee,4,2,4.2,9,0.2,4.6,36.8,3.0,6.0,0.00,0.02,0.02,0,1,3.3333333333333335
101,Nørgaard,4,3,4.8,78,4.2,113.1,572.2,272.1,286.0,3.10,0.85,3.95,0,4,3.3333333333333335
102,Onyeka,4,3,4.9,2,0.0,0.0,0.0,0.5,0.0,0.00,0.02,0.02,0,0,3.3333333333333335
103,Peart-Harris,4,3,4.5,0,0.0,0.0,0.0,0.0,0.0,0.00,0.00,0.00,0,0,3.3333333333333335
104,Pinnock,4,2,4.4,47,1.2,83.6,540.2,101.2,193.0,1.08,0.64,1.72,0,2,3.3333333333333335
105,Roerslev,4,2,4.3,36,0.0,48.0,214.4,185.8,78.0,0.20,2.09,2.29,0,2,3.3333333333333335
106,Schade,4,3,5.1,109,2.2,130.5,441.0,246.6,621.0,5.87,1.43,7.30,0,8,3.3333333333333335
107,Thiago,4,4,5.9,5,0.0,4.2,10.8,27.9,6.0,0.10,0.02,0.12,0,0,3.3333333333333335
108,Toney,4,4,7.3,0,0.0,0.0,0.0,0.0,0.0,0.00,0.00,0.00,0,0,3.3333333333333335
109,Valdimarsson,4,1,3.9,2,0.0,2.1,21.4,0.1,0.0,0.00,0.00,0.00,3,0,3.3333333333333335
110,Wissa,4,4,6.6,139,4.2,180.1,609.0,318.3,881.0,14.12,1.87,15.98,0,7,3.3333333333333335
111,Yarmoliuk,4,3,4.3,31,1.5,39.7,174.4,139.9,83.0,0.62,0.42,1.04,0,1,3.3333333333333335
112,Zanka,4,2,4.5,0,0.0,0.0,0.0,0.0,0.0,0.00,0.00,0.00,0,0,3.3333333333333335
314,Carvalho,4,3,4.5,35,0.0,36.3,142.2,71.5,154.0,2.49,0.54,3.03,0,0,3.3333333333333335
338,Van den Berg,4,2,4.1,44,1.8,70.2,456.0,84.1,161.0,1.29,0.50,1.79,0,3,3.3333333333333335
602,Trevitt,4,3,4.4,1,0.0,0.3,2.6,0.1,0.0,0.00,0.00,0.00,0,0,3.3333333333333335
634,G.Nunes,4,3,4.9,0,0.0,0.0,0.0,0.0,0.0,0.00,0.00,0.00,0,0,3.3333333333333335
649,Meghoma,4,2,4.0,1,0.0,0.1,0.2,0.3,0.0,0.00,0.00,0.00,0,0,3.3333333333333335
661,Yogane,4,3,4.5,0,0.0,0.0,0.0,0.0,0.0,0.00,0.00,0.00,0,0,3.3333333333333335
674,Maghoma,4,3,4.5,8,0.2,5.4,27.8,15.8,10.0,0.12,0.04,0.16,0,0,3.3333333333333335
705,Arthur,4,2,4.0,0,0.0,0.0,0.0,0.0,0.0,0.00,0.00,0.00,0,0,3.3333333333333335
752,Frank,4,5,0.8,52,4.8,0.0,0.0,0.0,0.0,0.00,0.00,0.00,0,0,3.3333333333333335
757,Kayode,4,2,4.5,5,0.2,4.4,12.6,24.9,6.0,0.00,0.07,0.07,0,0,3.3333333333333335
759,Eyestone,4,1,4.0,0,0.0,0.0,0.0,0.0,0.0,0.00,0.00,0.00,0,0,3.3333333333333335
780,Morgan,4,4,4.5,0,0.0,0.0,0.0,0.0,0.0,0.00,0.00,0.00,0,0,3.3333333333333335
786,Benjamin Fredrick,4,2,4.0,0,0.0,0.0,0.0,0.0,0.0,0.00,0.00,0.00,0,0,3.3333333333333335
113,Adingra,5,3,5.1,42,1.2,50.3,151.2,155.2,197.0,1.56,1.83,3.39,0,1,3.3333333333333335
114,Baker-Boaitey,5,3,4.5,0,0.0,0.0,0.0,0.0,0.0,0.00,0.00,0.00,0,0,3.3333333333333335
115,Baleba,5,3,5.0,64,1.5,82.1,364.8,281.5,174.0,2.99,1.06,4.05,0,7,3.3333333333333335
116,Barco,5,2,4.0,0,0.0,0.0,0.0,0.0,0.0,0.00,0.00,0.00,0,0,3.3333333333333335
118,Cozier-Duberry,5,3,4.5,0,0.0,0.0,0.0,0.0,0.0,0.00,0.00,0.00,0,0,3.3333333333333335
119,Dahoud,5,3,4.9,0,0.0,0.0,0.0,0.0,0.0,0.00,0.00,0.00,0,0,3.3333333333333335
120,Dunk,5,2,4.2,41,0.8,54.0,353.6,104.8,81.0,0.69,0.67,1.36,0,4,3.3333333333333335
122,Estupiñan,5,2,4.9,53,2.8,96.4,384.2,464.8,114.0,0.65,1.88,2.53,0,2,3.3333333333333335
124,Gilmour,5,3,5.0,3,0.0,2.5,11.4,11.9,2.0,0.08,0.04,0.12,0,0,3.3333333333333335
125,Gross,5,3,6.5,0,0.0,0.0,0.0,0.0,0.0,0.00,0.00,0.00,0,0,3.3333333333333335
126,Hinshelwood,5,3,4.9,53,2.5,53.3,224.6,171.6,133.0,1.37,1.34,2.71,0,5,3.3333333333333335
127,I.Osman,5,3,5.0,0,0.0,0.0,0.0,0.0,0.0,0.00,0.00,0.00,0,0,3.3333333333333335
128,Igor,5,2,4.3,17,0.0,22.7,182.2,40.5,4.0,0.05,0.23,0.28,0,1,3.3333333333333335
129,João Pedro,5,4,5.6,114,3.2,144.4,487.4,378.3,585.0,7.21,2.66,9.87,0,6,3.3333333333333335
130,Kozlowski,5,3,4.5,0,0.0,0.0,0.0,0.0,0.0,0.00,0.00,0.00,0,0,3.3333333333333335
131,Lamptey,5,2,4.4,40,0.0,33.6,192.0,95.1,48.0,0.38,0.53,0.91,0,2,3.3333333333333335
132,March,5,3,6.5,3,0.2,4.7,15.6,25.3,6.0,0.07,0.14,0.21,0,0,3.3333333333333335
133,Mazilu,5,3,4.5,0,0.0,0.0,0.0,0.0,0.0,0.00,0.00,0.00,0,0,3.3333333333333335
134,Milner,5,3,5.0,5,0.0,10.7,28.6,66.3,12.0,0.16,0.15,0.31,0,1,3.3333333333333335
135,Minteh,5,3,5.0,81,2.2,123.9,440.0,342.4,454.0,3.31,3.93,7.24,0,3,3.3333333333333335
136,Mitoma,5,3,6.5,122,1.8,183.1,540.0,539.6,749.0,7.56,3.71,11.27,0,6,3.3333333333333335
137,Moder,5,3,4.4,4,0.0,5.4,15.8,36.0,2.0,0.00,0.53,0.53,0,0,3.3333333333333335
138,O’Mahony,5,4,4.5,0,0.0,0.0,0.0,0.0,0.0,0.00,0.00,0.00,0,0,3.3333333333333335
139,Offiah,5,2,4.0,0,0.0,0.0,0.0,0.0,0.0,0.00,0.00,0.00,0,0,3.3333333333333335
140,Peupion,5,3,4.4,0,0.0,0.0,0.0,0.0,0.0,0.00,0.00,0.00,0,0,3.3333333333333335
141,Sarmiento,5,3,4.9,1,0.0,0.1,0.2,0.8,0.0,0.00,0.00,0.00,0,0,3.3333333333333335
142,Steele,5,1,4.0,9,0.0,4.1,40.4,0.0,0.0,0.00,0.00,0.00,3,1,3.3333333333333335
143,Undav,5,4,5.5,0,0.0,0.0,0.0,0.0,0.0,0.00,0.00,0.00,0,0,3.3333333333333335
144,Van Hecke,5,2,4.5,76,2.2,103.8,642.4,226.6,168.0,1.24,1.28,2.52,0,6,3.3333333333333335
145,Veltman,5,2,4.3,58,0.0,47.4,269.2,143.8,59.0,0.47,1.29,1.76,0,6,3.3333333333333335
146,Verbruggen,5,1,4.5,84,1.0,67.0,659.6,10.0,0.0,0.00,0.01,0.01,69,6,3.3333333333333335
147,Webster,5,2,4.3,26,0.8,22.7,155.8,41.2,31.0,0.02,0.21,0.23,0,3,3.3333333333333335
148,Welbeck,5,4,5.5,101,2.8,115.7,418.2,232.1,506.0,7.19,1.15,8.34,0,6,3.3333333333333335
149,Wieffer,5,3,4.7,32,0.8,35.0,166.6,126.3,61.0,0.57,0.37,0.94,0,1,3.3333333333333335
595,Gruda,5,3,5.4,22,1.0,35.2,86.8,160.0,106.0,0.27,0.60,0.87,0,1,3.3333333333333335
600,Ayari,5,3,5.0,50,2.2,88.1,249.0,413.6,219.0,2.19,2.13,4.32,0,6,3.3333333333333335
601,Moran,5,3,5.0,0,0.0,0.0,0.0,0.0,0.0,0.00,0.00,0.00,0,0,3.3333333333333335
615,Rushworth,5,1,3.9,0,0.0,0.0,0.0,0.0,0.0,0.00,0.00,0.00,0,0,3.3333333333333335
618,Georginio,5,3,5.1,95,1.8,103.0,355.4,281.8,404.0,4.57,1.67,6.24,0,6,3.3333333333333335
628,F.Kadıoğlu,5,2,4.4,19,0.0,24.0,116.4,83.7,40.0,0.44,0.31,0.75,0,2,3.3333333333333335
629,O'Riley,5,3,5.5,28,0.8,40.6,131.0,163.3,113.0,1.15,1.27,2.42,0,2,3.3333333333333335
663,Samuels,5,2,4.0,0,0.0,0.0,0.0,0.0,0.0,0.00,0.00,0.00,0,0,3.3333333333333335
668,Cahill,5,1,3.9,0,0.0,0.0,0.0,0.0,0.0,0.00,0.00,0.00,0,0,3.3333333333333335
681,McConville,5,2,4.0,0,0.0,0.0,0.0,0.0,0.0,0.00,0.00,0.00,0,0,3.3333333333333335
685,Slater,5,2,4.0,0,0.0,0.0,0.0,0.0,0.0,0.00,0.00,0.00,0,0,3.3333333333333335
714,Gómez,5,3,5.5,13,1.8,17.9,67.0,96.1,15.0,0.32,0.75,1.07,0,0,3.3333333333333335
739,Hürzeler,5,5,1.1,55,3.5,0.0,0.0,0.0,0.0,0.00,0.00,0.00,0,0,3.3333333333333335
758,Knight,5,3,4.5,0,0.0,0.0,0.0,0.0,0.0,0.00,0.00,0.00,0,0,3.3333333333333335
763,Cashin,5,2,4.5,0,0.0,0.7,6.8,0.5,0.0,0.00,0.00,0.00,0,0,3.3333333333333335
791,Charlie Tasker,5,2,4.0,0,0.0,0.0,0.0,0.0,0.0,0.00,0.00,0.00,0,0,3.3333333333333335
150,Andrey Santos,6,3,4.5,0,0.0,0.0,0.0,0.0,0.0,0.00,0.00,0.00,0,0,3.0
151,Ângelo,6,3,4.5,0,0.0,0.0,0.0,0.0,0.0,0.00,0.00,0.00,0,0,3.0
153,B.Badiashile,6,2,4.2,7,0.5,7.9,66.0,12.6,0.0,0.00,0.08,0.08,0,0,3.0
154,Bergström,6,1,3.9,0,0.0,0.0,0.0,0.0,0.0,0.00,0.00,0.00,0,0,3.0
155,Bettinelli,6,1,3.9,0,0.0,0.0,0.0,0.0,0.0,0.00,0.00,0.00,0,0,3.0
157,Caicedo,6,3,4.9,79,3.0,108.9,524.6,488.3,76.0,0.63,2.50,3.13,0,9,3.0
158,Casadei,6,3,4.4,0,0.0,0.0,0.0,0.0,0.0,0.00,0.00,0.00,0,0,3.0
159,Chalobah,6,2,4.4,78,3.0,69.0,402.4,113.1,172.0,1.44,0.58,2.02,0,5,3.0
161,Chukwuemeka,6,3,4.7,0,0.0,0.0,0.0,0.0,0.0,0.00,0.00,0.00,0,0,3.0
162,Colwill,6,2,4.4,78,3.2,83.7,550.6,181.6,103.0,0.74,1.20,1.94,0,7,3.0
163,Cucurella,6,2,5.3,99,5.8,104.0,500.2,285.6,252.0,2.13,1.99,4.12,0,6,3.0
164,D.D.Fofana,6,4,5.4,0,0.0,0.0,0.0,0.0,0.0,0.00,0.00,0.00,0,0,3.0
165,Deivid,6,4,4.9,0,0.0,0.0,0.0,0.0,0.0,0.00,0.00,0.00,0,0,3.0
166,Dewsbury-Hall,6,3,5.5,16,0.8,12.3,54.4,47.4,21.0,0.22,0.22,0.44,0,0,3.0
168,Enzo,6,3,4.7,106,5.2,195.7,604.6,919.8,430.0,5.26,5.06,10.32,0,7,3.0
169,Gallagher,6,3,5.9,0,0.0,0.0,0.0,0.0,0.0,0.00,0.00,0.00,0,0,3.0
170,Gilchrist,6,2,4.0,0,0.0,0.0,0.0,0.0,0.0,0.00,0.00,0.00,0,0,3.0
171,Gusto,6,2,4.9,54,3.5,74.9,298.6,315.6,134.0,1.43,1.57,3.00,0,4,3.0
172,James,6,2,4.8,34,3.0,36.2,157.6,165.6,38.0,0.25,0.83,1.08,0,1,3.0
173,Kellyman,6,3,4.3,0,0.0,0.0,0.0,0.0,0.0,0.00,0.00,0.00,0,0,3.0
174,Lavia,6,3,4.5,16,0.2,19.8,91.2,100.5,5.0,0.18,0.31,0.49,0,1,3.0
175,Lukaku,6,4,6.3,0,0.0,0.0,0.0,0.0,0.0,0.00,0.00,0.00,0,0,3.0
176,M.Sarr,6,2,4.5,0,0.0,0.0,0.0,0.0,0.0,0.00,0.00,0.00,0,0,3.0
177,Madueke,6,3,6.0,102,0.5,160.1,423.6,356.5,820.0,7.61,2.25,9.86,0,3,3.0
178,Marc Guiu,6,4,4.7,3,0.0,2.2,4.4,11.8,6.0,0.00,0.02,0.02,0,0,3.0
179,Mudryk,6,3,6.1,7,0.0,8.5,23.2,31.5,31.0,0.24,0.66,0.90,0,0,3.0
180,N.Jackson,6,4,7.7,110,0.5,173.7,503.0,343.9,888.0,10.98,1.67,12.65,0,9,3.0
181,Nkunku,6,3,5.7,59,1.5,75.8,229.2,192.7,339.0,5.17,0.99,6.16,0,2,3.0
182,Palmer,6,3,10.7,188,2.0,286.6,920.6,1042.1,902.0,15.02,7.94,22.96,0,7,3.0
183,Petrović,6,1,4.4,0,0.0,0.0,0.0,0.0,0.0,0.00,0.00,0.00,0,0,3.0
184,Renato Veiga,6,3,4.4,7,0.0,5.9,30.4,9.2,19.0,0.16,0.15,0.31,0,1,3.0
185,Sánchez,6,1,4.5,98,6.0,65.6,647.4,10.0,0.0,0.00,0.02,0.02,82,7,3.0
187,Tosin,6,2,4.2,56,3.5,43.3,296.8,44.9,88.0,1.01,0.22,1.23,0,5,3.0
189,W.Fofana,6,2,4.3,26,1.8,31.9,200.2,85.0,33.0,0.44,0.18,0.62,0,2,3.0
386,Sancho,6,3,6.2,74,2.8,106.5,276.2,445.4,345.0,1.83,2.92,4.75,0,6,3.0
560,Neto,6,3,6.2,72,1.8,128.0,342.0,532.0,405.0,2.29,3.16,5.45,0,5,3.0
575,Wiley,6,2,4.0,0,0.0,0.0,0.0,0.0,0.0,0.00,0.00,0.00,0,0,3.0
581,Jørgensen,6,1,4.2,18,0.0,15.9,157.6,0.0,0.0,0.00,0.00,0.00,20,1,3.0
621,João Félix,6,3,5.9,24,0.0,32.3,88.0,95.4,141.0,2.30,0.45,2.75,0,1,3.0
695,Rak-Sakyi,6,3,4.5,0,0.0,0.0,0.0,0.0,0.0,0.00,0.00,0.00,0,0,3.0
696,George,6,3,4.5,7,0.5,11.5,32.0,60.9,23.0,0.13,0.26,0.39,0,0,3.0
697,Acheampong,6,2,4.0,4,0.0,2.9,13.6,2.5,13.0,0.22,0.01,0.23,0,0,3.0
740,Maresca,6,5,1.5,45,5.8,0.0,0.0,0.0,0.0,0.00,0.00,0.00,0,0,3.0
771,Amougou,6,3,4.5,1,0.0,0.2,1.0,0.9,0.0,0.00,0.00,0.00,0,0,3.0
774,Anselmino,6,2,4.0,0,0.0,0.0,0.0,0.0,0.0,0.00,0.00,0.00,0,0,3.0
781,Mheuka,6,4,4.5,1,0.0,2.0,3.0,0.0,17.0,0.06,0.00,0.06,0,0,3.0
782,Samuels-Smith,6,2,4.0,0,0.0,0.0,0.0,0.0,0.0,0.00,0.00,0.00,0,0,3.0
787,Genesis Antwi,6,2,4.0,0,0.0,0.0,0.0,0.0,0.0,0.00,0.00,0.00,0,0,3.0
11,Nketiah,7,4,5.9,34,0.3,59.0,114.4,136.5,343.0,3.61,0.80,4.41,0,2,3.0
160,Chilwell,7,2,4.6,4,0.7,6.9,31.8,26.9,10.0,0.08,0.28,0.36,0,0,3.0
190,Ahamada,7,3,4.5,0,0.0,0.0,0.0,0.0,0.0,0.00,0.00,0.00,0,0,3.0
193,C.Doucouré,7,3,4.8,19,0.0,10.8,58.6,25.7,23.0,0.40,0.11,0.51,0,1,3.0
194,C.Richards,7,2,4.4,53,2.0,44.5,310.6,36.0,97.0,0.47,0.10,0.57,0,6,3.0
195,Chadi Riad,7,2,4.3,1,0.0,2.0,18.2,1.3,0.0,0.00,0.02,0.02,0,0,3.0
196,Clyne,7,2,4.3,17,0.3,12.4,66.6,51.8,7.0,0.01,0.24,0.25,0,1,3.0
197,Ebiowei,7,3,4.5,0,0.0,0.0,0.0,0.0,0.0,0.00,0.00,0.00,0,0,3.0
199,Eze,7,3,6.8,97,4.7,173.6,462.8,736.5,537.0,6.31,3.35,9.66,0,8,3.0
200,Guéhi,7,2,4.7,102,2.0,108.1,736.8,164.0,181.0,1.61,1.22,2.83,0,9,3.0
201,Henderson,7,1,4.6,111,5.0,71.5,692.8,20.0,4.0,0.01,0.02,0.03,84,9,3.0
202,Holding,7,2,4.2,0,0.0,0.0,0.0,0.0,0.0,0.00,0.00,0.00,0,0,3.0
203,Hughes,7,3,4.9,54,0.3,75.6,292.0,390.3,73.0,0.88,2.10,2.98,0,7,3.0
205,Kamada,7,3,5.1,35,1.3,50.3,167.8,227.4,105.0,0.84,1.03,1.87,0,3,3.0
206,Lerma,7,3,4.8,47,4.0,61.7,299.8,153.7,165.0,0.94,1.46,2.40,0,5,3.0
207,Mateta,7,4,7.7,132,3.0,163.8,608.2,363.5,667.0,11.76,2.14,13.90,0,7,3.0
208,M.França,7,3,4.4,6,2.0,5.3,31.4,0.3,21.0,0.06,0.00,0.06,0,0,3.0
209,Matthews,7,1,3.9,0,0.0,0.0,0.0,0.0,0.0,0.00,0.00,0.00,0,0,3.0
210,Mitchell,7,2,4.8,100,3.0,111.7,507.2,477.8,129.0,1.23,3.26,4.49,0,10,3.0
211,Muñoz,7,2,5.2,122,5.3,154.0,650.0,471.3,418.0,4.16,2.41,6.57,0,9,3.0
212,Ozoh,7,3,4.5,0,0.0,0.0,0.0,0.0,0.0,0.00,0.00,0.00,0,0,3.0
213,Rak-Sakyi,7,3,4.5,0,0.0,0.0,0.0,0.0,0.0,0.00,0.00,0.00,0,0,3.0
214,Schlupp,7,3,4.6,12,0.0,11.0,22.8,42.9,46.0,0.17,0.14,0.31,0,0,3.0
215,Ward,7,2,4.3,1,0.3,0.0,0.0,0.0,0.0,0.00,0.00,0.00,0,0,3.0
216,Wharton,7,3,4.7,25,1.7,58.8,208.8,320.6,58.0,0.25,1.74,1.99,0,2,3.0
445,Turner,7,1,3.9,0,0.0,0.0,0.0,0.0,0.0,0.00,0.00,0.00,0,0,3.0
585,I.Sarr,7,3,5.7,117,5.0,170.7,537.8,467.4,702.0,7.85,4.97,12.82,0,8,3.0
644,Umeh-Chibueze,7,3,4.4,0,0.0,0.0,0.0,0.0,0.0,0.00,0.00,0.00,0,0,3.0
645,Devenny,7,3,4.5,24,1.0,21.7,93.0,74.5,47.0,0.52,0.31,0.83,0,0,3.0
646,Agbinone,7,3,4.5,2,0.0,1.5,4.0,10.6,1.0,0.02,0.01,0.03,0,0,3.0
647,Rodney,7,3,4.5,0,0.0,0.0,0.0,0.0,0.0,0.00,0.00,0.00,0,0,3.0
650,Lacroix,7,2,4.5,97,3.3,85.9,570.6,63.7,225.0,2.92,0.58,3.50,0,9,3.0
666,Kporha,7,2,4.0,2,0.0,1.3,8.0,4.6,0.0,0.00,0.02,0.02,0,0,3.0
676,Marsh,7,4,4.5,0,0.0,0.0,0.0,0.0,0.0,0.00,0.00,0.00,0,0,3.0
730,Esse,7,3,4.7,9,0.3,7.1,35.2,0.3,35.0,0.32,0.00,0.32,0,0,3.0
741,Glasner,7,5,0.8,73,7.0,0.0,0.0,0.0,0.0,0.00,0.00,0.00,0,0,3.0
156,Broja,8,4,5.3,8,0.8,6.9,13.8,29.6,33.0,0.11,0.09,0.20,0,0,3.0
217,A.Doucoure,8,3,5.1,71,2.0,84.5,269.8,315.4,264.0,3.24,1.11,4.35,0,9,3.0
218,Beto,8,4,5.0,65,1.8,84.2,281.2,98.9,469.0,5.66,0.18,5.84,0,2,3.0
219,Branthwaite,8,2,4.8,71,2.0,64.2,509.4,42.5,89.0,0.75,0.27,1.02,0,7,3.0
220,Calvert-Lewin,8,4,5.4,59,0.0,83.6,191.0,124.7,527.0,6.05,0.63,6.68,0,8,3.0
221,Coleman,8,2,4.3,3,0.0,6.2,38.0,1.9,21.0,0.62,0.01,0.63,0,0,3.0
222,Gana,8,3,4.8,74,3.2,84.4,441.8,300.2,102.0,1.05,1.75,2.80,0,8,3.0
223,Garner,8,3,4.9,27,1.8,36.4,163.0,168.8,34.0,0.14,0.98,1.12,0,2,3.0
224,Harrison,8,3,5.2,66,5.0,90.1,239.2,424.1,244.0,3.10,2.68,5.78,0,4,3.0
225,Holgate,8,2,4.0,1,0.0,0.0,0.0,0.0,0.0,0.00,0.00,0.00,0,0,3.0
226,Iroegbunam,8,3,4.3,20,1.0,18.7,114.2,40.3,32.0,0.23,0.14,0.37,0,0,3.0
227,J.Virginia,8,1,3.9,0,0.0,0.0,0.0,0.0,0.0,0.00,0.00,0.00,0,0,3.0
228,Keane,8,2,3.8,33,0.0,33.0,221.6,22.9,84.0,0.43,0.02,0.45,0,2,3.0
229,Maupay,8,4,4.9,0,0.0,0.0,0.0,0.0,0.0,0.00,0.00,0.00,0,0,3.0
230,McNeil,8,3,5.1,66,0.2,100.5,287.4,547.4,169.0,0.87,3.96,4.82,0,4,3.0
231,Mykolenko,8,2,4.4,87,1.5,85.5,467.2,318.1,68.0,0.39,1.61,2.00,0,8,3.0
232,Ndiaye,8,4,5.2,91,2.5,113.3,489.6,284.8,355.0,4.52,1.18,5.70,0,11,3.0
234,Patterson,8,2,4.4,9,0.5,7.9,30.4,38.0,10.0,0.07,0.31,0.38,0,0,3.0
235,Pickford,8,1,5.1,122,2.8,83.8,819.0,20.3,0.0,0.00,0.20,0.20,91,9,3.0
236,Tarkowski,8,2,4.9,97,1.5,118.9,821.4,165.0,198.0,1.14,1.98,3.12,0,9,3.0
237,Y. Chermiti,8,4,4.9,1,0.2,2.5,2.2,0.3,22.0,0.07,0.00,0.07,0,0,3.0
238,Young,8,2,4.4,82,0.8,69.8,370.8,279.2,46.0,0.27,1.82,2.09,0,7,3.0
450,Alcaraz,8,3,4.9,21,1.0,40.3,118.2,139.3,144.0,1.29,0.37,1.66,0,0,3.0
577,Lindstrøm,8,3,5.0,44,1.5,76.0,214.2,309.6,237.0,2.15,1.96,4.11,0,6,3.0
582,O'Brien,8,2,4.5,43,3.8,45.7,264.0,103.3,89.0,0.66,0.28,0.94,0,2,3.0
603,Armstrong,8,3,4.4,2,0.0,2.2,1.8,10.9,9.0,0.37,0.00,0.37,0,0,3.0
614,Metcalfe,8,3,4.5,0,0.0,0.0,0.0,0.0,0.0,0.00,0.00,0.00,0,0,3.0
624,Begovic,8,1,4.0,0,0.0,0.0,0.0,0.0,0.0,0.00,0.00,0.00,0,0,3.0
627,Dixon,8,2,4.0,0,0.0,1.6,15.4,0.3,0.0,0.00,0.00,0.00,0,0,3.0
651,Mangala,8,3,5.0,39,0.0,41.4,172.8,133.5,106.0,1.13,0.59,1.72,0,5,3.0
678,Bates,8,3,4.5,0,0.0,0.0,0.0,0.0,0.0,0.00,0.00,0.00,0,0,3.0
724,Sherif,8,4,4.5,0,0.0,0.0,0.0,0.0,0.0,0.00,0.00,0.00,0,0,3.0
742,Moyes,8,5,0.5,75,4.2,0.0,0.0,0.0,0.0,0.00,0.00,0.00,0,0,3.0
773,Heath,8,3,4.5,0,0.0,0.0,0.0,0.0,0.0,0.00,0.00,0.00,0,0,3.0
775,Coby Ebere,8,3,4.5,0,0.0,0.0,0.0,0.0,0.0,0.00,0.00,0.00,0,0,3.0
10,Nelson,9,3,5.0,27,0.0,55.1,131.6,223.9,195.0,1.07,0.96,2.03,0,1,2.3333333333333335
19,Smith Rowe,9,3,5.1,97,1.8,102.2,357.0,335.9,328.0,4.04,1.70,5.74,0,7,2.3333333333333335
191,Andersen,9,2,4.2,42,1.8,65.0,500.2,68.5,80.0,0.45,0.41,0.86,0,4,2.3333333333333335
239,Adama,9,3,4.6,76,1.0,118.1,309.2,484.5,386.0,3.77,3.97,7.74,0,3,2.3333333333333335
240,Andreas,9,3,4.9,72,2.5,131.8,316.2,743.5,260.0,3.41,3.80,7.21,0,5,2.3333333333333335
241,Bassey,9,2,4.5,68,2.0,70.5,486.8,69.5,149.0,0.99,0.27,1.26,0,5,2.3333333333333335
242,Benda,9,1,3.9,0,0.0,0.0,0.0,0.0,0.0,0.00,0.00,0.00,0,0,2.3333333333333335
243,Cairney,9,3,4.8,22,0.2,29.8,103.8,160.1,34.0,0.15,0.92,1.07,0,1,2.3333333333333335
244,Castagne,9,2,4.2,43,2.2,61.1,331.6,159.2,119.0,0.38,0.53,0.91,0,3,2.3333333333333335
245,Diop,9,2,4.3,31,0.5,38.3,257.6,44.7,83.0,0.51,0.07,0.58,0,1,2.3333333333333335
246,Harris,9,3,4.5,0,0.0,0.0,0.0,0.0,0.0,0.00,0.00,0.00,0,0,2.3333333333333335
247,Iwobi,9,3,5.5,134,5.5,207.4,693.2,776.5,603.0,3.68,5.99,9.67,0,6,2.3333333333333335
248,Leno,9,1,5.0,97,4.2,78.6,766.6,20.0,0.0,0.00,0.02,0.02,89,5,2.3333333333333335
249,Lukić,9,3,4.8,44,0.5,72.9,279.0,369.5,81.0,0.83,1.16,1.99,0,3,2.3333333333333335
250,Mbabu,9,2,4.0,0,0.0,0.0,0.0,0.0,0.0,0.00,0.00,0.00,0,0,2.3333333333333335
251,Muniz,9,4,5.5,85,5.0,89.0,345.0,95.1,452.0,5.63,0.20,5.83,0,2,2.3333333333333335
252,Raúl,9,4,5.4,121,3.2,164.5,505.6,270.5,872.0,10.45,1.80,12.25,0,7,2.3333333333333335
253,Ream,9,2,4.5,0,0.0,0.0,0.0,0.0,0.0,0.00,0.00,0.00,0,0,2.3333333333333335
254,Reed,9,3,4.7,9,0.5,7.0,17.6,20.6,33.0,0.20,0.09,0.29,0,0,2.3333333333333335
255,Robinson,9,2,4.9,100,2.2,165.6,808.0,663.3,182.0,0.70,3.74,4.44,0,5,2.3333333333333335
256,Stansfield,9,4,5.0,1,0.0,0.0,0.0,0.0,0.0,0.00,0.00,0.00,0,0,2.3333333333333335
257,Tete,9,2,4.4,38,0.2,49.7,261.8,120.9,115.0,1.02,0.44,1.46,0,2,2.3333333333333335
258,Vinicius,9,4,5.0,1,0.0,2.3,4.0,0.0,19.0,0.06,0.00,0.06,0,0,2.3333333333333335
259,Wilson,9,3,5.2,63,0.0,80.1,252.4,259.1,298.0,3.29,0.94,4.23,0,2,2.3333333333333335
579,Sessegnon,9,2,4.1,31,4.8,29.9,140.8,47.6,111.0,0.90,0.48,1.38,0,0,2.3333333333333335
586,J.Cuenca,9,2,4.4,7,0.2,6.3,58.4,2.0,4.0,0.02,0.01,0.03,0,0,2.3333333333333335
604,King,9,3,4.4,7,0.0,8.4,21.4,37.3,24.0,0.20,0.65,0.85,0,1,2.3333333333333335
605,Godo,9,3,4.4,1,0.0,0.8,1.0,0.5,6.0,0.00,0.00,0.00,0,0,2.3333333333333335
622,Berge,9,3,5.0,45,2.2,56.6,283.4,252.7,30.0,0.16,0.47,0.63,0,4,2.3333333333333335
690,Amissah,9,2,4.0,0,0.0,0.0,0.0,0.0,0.0,0.00,0.00,0.00,0,0,2.3333333333333335
753,Silva,9,5,1.1,75,7.8,0.0,0.0,0.0,0.0,0.00,0.00,0.00,0,0,2.3333333333333335
772,Willian,9,3,5.0,8,1.2,8.1,15.4,51.3,13.0,0.13,0.22,0.35,0,1,2.3333333333333335
121,Enciso,10,3,5.4,30,2.5,55.7,123.6,185.7,249.0,1.74,0.91,2.65,0,2,4.0
260,Al-Hamadi,10,4,4.7,8,0.0,6.0,5.6,25.7,32.0,0.35,0.04,0.39,0,0,4.0
261,Baggott,10,2,4.0,0,0.0,0.0,0.0,0.0,0.0,0.00,0.00,0.00,0,0,4.0
262,Broadhead,10,3,4.9,27,3.0,32.7,105.6,94.4,127.0,1.54,1.03,2.57,0,2,4.0
263,Burgess,10,2,3.8,18,1.0,43.9,292.4,63.8,82.0,0.72,0.31,1.03,0,0,4.0
264,Burns,10,3,4.8,30,0.0,31.8,111.6,148.5,66.0,0.50,1.17,1.67,0,1,4.0
265,Chaplin,10,3,5.1,34,0.2,29.9,97.6,120.5,86.0,1.18,0.54,1.72,0,1,4.0
266,H.Clarke,10,2,4.0,1,0.0,10.5,48.2,24.4,35.0,0.08,0.10,0.18,0,0,4.0
267,Davis,10,2,4.3,52,0.8,133.5,448.8,758.8,128.0,0.89,4.18,5.07,0,2,4.0
268,Delap,10,4,5.6,125,5.2,148.1,503.4,274.1,712.0,9.05,1.34,10.39,0,3,4.0
269,Edmundson,10,2,4.0,1,0.0,0.0,0.0,0.0,0.0,0.00,0.00,0.00,0,0,4.0
270,Greaves,10,2,3.9,32,0.2,61.8,442.4,39.7,135.0,1.24,0.15,1.39,0,2,4.0
271,Harness,10,3,4.9,2,0.0,1.7,9.4,1.9,6.0,0.00,0.05,0.05,0,0,4.0
272,Hirst,10,4,5.4,32,2.0,25.7,104.0,40.6,114.0,1.09,0.11,1.20,0,0,4.0
273,Humphreys,10,3,4.5,0,0.0,0.0,0.0,0.0,0.0,0.00,0.00,0.00,0,0,4.0
274,Hutchinson,10,3,5.2,77,0.8,105.9,333.4,369.9,354.0,2.34,1.64,3.98,0,3,4.0
275,Johnson,10,2,3.9,20,1.0,36.8,198.4,113.0,57.0,0.89,0.46,1.35,0,0,4.0
276,Ladapo,10,4,4.5,0,0.0,0.0,0.0,0.0,0.0,0.00,0.00,0.00,0,0,4.0
277,Luongo,10,3,4.3,9,0.0,4.0,31.2,5.6,2.0,0.00,0.01,0.01,0,0,4.0
278,Morsy,10,3,4.8,55,1.0,62.5,329.6,264.0,33.0,0.33,1.07,1.40,0,2,4.0
279,Ndaba,10,2,4.0,0,0.0,0.0,0.0,0.0,0.0,0.00,0.00,0.00,0,0,4.0
280,Slicker,10,1,3.9,0,0.0,0.0,0.0,0.0,0.0,0.00,0.00,0.00,0,0,4.0
281,Taylor,10,3,4.8,29,1.0,27.2,113.4,87.3,71.0,0.60,0.73,1.33,0,0,4.0
282,Tuanzebe,10,2,3.9,23,1.0,30.6,217.2,68.6,21.0,0.21,0.14,0.35,0,1,4.0
283,Walton,10,1,4.3,14,0.0,14.9,139.4,10.0,0.0,0.00,0.00,0.00,17,1,4.0
284,Woolfenden,10,2,3.9,16,0.5,22.7,211.6,6.1,8.0,0.03,0.02,0.05,0,1,4.0
359,Phillips,10,3,4.8,26,0.8,33.0,179.2,114.7,37.0,0.44,0.46,0.90,0,1,4.0
568,Muric,10,1,4.4,49,0.0,53.1,531.2,0.0,0.0,0.00,0.01,0.01,70,1,4.0
569,Jaden,10,3,5.3,36,1.5,43.9,159.0,98.2,190.0,2.43,0.34,2.77,0,2,4.0
583,Townsend,10,2,3.9,10,1.5,17.1,102.0,55.5,13.0,0.03,0.24,0.27,0,0,4.0
611,Szmodics,10,3,5.7,53,0.0,55.1,211.4,81.6,263.0,3.44,0.44,3.88,0,2,4.0
619,Cajuste,10,3,4.5,50,3.8,40.8,204.0,164.5,43.0,0.42,0.60,1.02,0,1,4.0
630,O'Shea,10,2,3.9,42,2.8,93.0,708.0,56.0,167.0,1.08,0.64,1.72,0,2,4.0
631,J.Clarke,10,3,5.4,44,2.0,55.1,187.2,250.6,115.0,0.94,0.94,1.88,0,1,4.0
632,Ogbene,10,3,4.8,7,0.0,6.4,22.8,30.2,12.0,0.00,0.05,0.05,0,0,4.0
715,Godfrey,10,2,4.0,-1,0.0,1.3,8.8,2.3,2.0,0.00,0.02,0.02,0,0,4.0
743,McKenna,10,5,0.5,35,5.2,0.0,0.0,0.0,0.0,0.00,0.00,0.00,0,0,4.0
764,Palmer,10,1,4.5,13,1.8,22.3,214.6,10.0,0.0,0.00,0.00,0.00,26,0,4.0
117,Buonanotte,11,3,4.5,64,0.8,98.5,360.8,366.9,260.0,3.61,2.02,5.63,0,2,3.0
192,J.Ayew,11,3,5.1,59,0.5,74.9,239.2,238.7,271.0,3.35,1.23,4.58,0,2,3.0
198,Edouard,11,4,5.1,7,0.0,8.0,5.0,25.0,50.0,0.39,0.07,0.46,0,0,3.0
285,B.Soumaré,11,3,4.4,34,1.5,48.3,227.0,217.1,38.0,0.27,0.80,1.07,0,0,3.0
286,Cannon,11,4,4.5,0,0.0,0.0,0.0,0.0,0.0,0.00,0.00,0.00,0,0,3.0
287,Choudhury,11,3,4.4,4,0.0,7.0,33.8,30.4,6.0,0.00,0.19,0.19,0,0,3.0
288,Coady,11,2,4.0,13,1.0,24.5,209.0,29.4,6.0,0.00,0.47,0.47,0,0,3.0
289,Daka,11,4,4.8,27,1.5,18.5,70.0,27.4,94.0,0.78,0.04,0.82,0,0,3.0
290,De Cordova-Reid,11,3,5.2,43,0.2,24.6,98.4,83.5,63.0,0.75,0.14,0.89,0,0,3.0
291,Faes,11,2,3.9,36,1.0,71.8,546.4,65.6,105.0,1.16,0.38,1.54,0,1,3.0
292,Golding,11,3,4.4,0,0.0,0.0,0.0,0.0,0.0,0.00,0.00,0.00,0,0,3.0
293,Hermansen,11,1,4.4,56,3.2,70.9,708.6,0.2,0.0,0.00,0.02,0.02,87,1,3.0
294,Iversen,11,1,3.9,0,0.0,0.0,0.0,0.0,0.0,0.00,0.00,0.00,0,0,3.0
295,Justin,11,2,4.1,48,0.8,90.7,491.8,215.8,196.0,1.45,0.62,2.07,0,1,3.0
296,Kristiansen,11,2,4.4,32,0.8,86.7,491.6,341.3,36.0,0.13,1.67,1.80,0,1,3.0
297,Marcal,11,3,4.5,0,0.0,0.0,0.0,0.0,0.0,0.00,0.00,0.00,0,0,3.0
298,Mavididi,11,3,5.0,60,0.5,87.7,284.8,333.8,261.0,1.59,3.14,4.73,0,1,3.0
299,McAteer,11,3,4.7,19,0.2,20.4,65.8,71.1,69.0,0.55,0.22,0.77,0,1,3.0
300,Ndidi,11,3,4.9,48,1.2,85.6,418.2,202.4,237.0,1.74,1.23,2.97,0,1,3.0
301,Okoli,11,2,4.0,20,0.2,31.4,262.8,12.9,38.0,0.14,0.13,0.27,0,1,3.0
302,Ricardo,11,2,4.1,4,0.5,4.5,21.6,8.5,15.0,0.09,0.05,0.14,0,0,3.0
303,Souttar,11,2,4.0,0,0.0,0.0,0.0,0.0,0.0,0.00,0.00,0.00,0,0,3.0
304,Stolarczyk,11,1,4.0,10,0.0,14.1,140.8,0.0,0.0,0.00,0.00,0.00,17,0,3.0
305,Thomas,11,2,3.9,5,0.8,15.3,108.4,33.3,12.0,0.04,0.13,0.17,0,0,3.0
306,Vardy,11,4,5.3,100,1.0,127.0,400.0,247.4,625.0,9.30,2.44,11.74,0,1,3.0
307,Vestergaard,11,2,3.9,11,0.0,42.4,321.0,46.6,53.0,0.11,0.08,0.19,0,0,3.0
308,Ward,11,1,3.9,2,0.0,3.6,35.4,0.0,0.0,0.00,0.00,0.00,4,0,3.0
309,Winks,11,3,4.3,40,0.5,63.2,272.8,319.6,37.0,0.23,1.53,1.76,0,0,3.0
501,Skipp,11,3,4.7,19,0.0,23.4,87.0,121.4,26.0,0.13,0.28,0.41,0,1,3.0
570,A.Fatawu,11,3,5.1,26,0.0,40.1,147.6,104.3,148.0,0.41,1.42,1.83,0,0,3.0
606,Alves,11,3,4.4,1,0.0,0.0,0.0,0.3,0.0,0.00,0.00,0.00,0,0,3.0
616,Nelson,11,2,4.0,0,0.0,0.0,0.0,0.0,0.0,0.00,0.00,0.00,0,0,3.0
635,El Khannouss,11,3,4.8,58,1.0,75.7,264.8,378.9,114.0,0.70,1.72,2.42,0,1,3.0
694,Cartwright,11,3,4.5,0,0.0,0.0,0.0,0.0,0.0,0.00,0.00,0.00,0,0,3.0
708,Wilson-Brown,11,2,4.0,0,0.0,0.0,0.0,0.0,0.0,0.00,0.00,0.00,0,0,3.0
726,Coulibaly,11,2,4.0,1,0.0,5.2,24.4,3.4,24.0,0.04,0.04,0.08,0,0,3.0
754,Van Nistelrooy,11,5,0.5,8,0.0,0.0,0.0,0.0,0.0,0.00,0.00,0.00,0,0,3.0
310,A.Becker,12,1,5.6,90,1.0,41.8,406.2,13.0,0.0,0.00,0.20,0.20,50,9,2.3333333333333335
311,Alexander-Arnold,12,2,7.2,135,0.7,168.3,661.0,792.6,232.0,1.52,6.55,8.07,0,12,2.3333333333333335
312,Bajcetic,12,3,4.5,0,0.0,0.0,0.0,0.0,0.0,0.00,0.00,0.00,0,0,2.3333333333333335
313,Bradley,12,2,4.7,20,1.3,22.9,78.6,45.0,106.0,0.49,0.29,0.78,0,1,2.3333333333333335
315,Clark,12,3,4.5,0,0.0,0.0,0.0,0.0,0.0,0.00,0.00,0.00,0,0,2.3333333333333335
316,Darwin,12,4,7.0,61,3.7,72.0,249.2,123.9,354.0,4.90,0.40,5.30,0,2,2.3333333333333335
317,Diogo J.,12,3,7.2,81,3.3,91.8,295.4,150.2,477.0,6.69,1.08,7.76,0,7,2.3333333333333335
318,Doak,12,3,4.5,0,0.0,0.0,0.0,0.0,0.0,0.00,0.00,0.00,0,0,2.3333333333333335
319,Elliott,12,3,5.2,15,0.7,18.0,41.0,65.6,72.0,0.38,0.39,0.77,0,0,2.3333333333333335
320,Endo,12,3,4.6,15,0.7,4.9,28.2,17.7,4.0,0.00,0.04,0.04,0,0,2.3333333333333335
321,Gakpo,12,4,7.3,98,0.7,138.9,474.8,402.5,510.0,5.92,2.73,8.64,0,5,2.3333333333333335
322,Gomez,12,2,4.7,14,0.0,22.8,130.4,38.5,58.0,0.33,0.09,0.42,0,1,2.3333333333333335
323,Gravenberch,12,3,5.0,79,3.3,99.8,475.2,422.5,98.0,0.93,3.12,4.05,0,13,2.3333333333333335
324,Jones,12,3,5.3,75,2.0,96.6,337.0,285.2,349.0,4.10,1.05,5.15,0,5,2.3333333333333335
325,Kelleher,12,1,4.0,45,2.7,22.4,224.2,0.0,0.0,0.00,0.00,0.00,27,4,2.3333333333333335
326,Konaté,12,2,5.3,89,3.0,73.9,495.8,141.2,99.0,1.59,0.81,2.40,0,10,2.3333333333333335
327,Luis Díaz,12,3,7.5,153,7.0,199.8,620.2,628.4,751.0,7.94,3.64,11.58,0,14,2.3333333333333335
328,M.Salah,12,3,13.8,311,6.7,413.4,1451.0,960.1,1724.0,21.81,7.14,28.95,0,13,2.3333333333333335
329,Mac Allister,12,3,6.2,99,4.3,139.4,522.0,579.2,295.0,2.44,4.20,6.64,0,13,2.3333333333333335
330,McConnell,12,3,4.4,0,0.0,0.0,0.0,0.0,0.0,0.00,0.00,0.00,0,0,2.3333333333333335
331,Morton,12,3,4.4,0,0.0,0.0,0.0,0.0,0.0,0.00,0.00,0.00,0,0,2.3333333333333335
332,N.Phillips,12,2,4.0,0,0.0,0.0,0.0,0.0,0.0,0.00,0.00,0.00,0,0,2.3333333333333335
333,Quansah,12,2,3.9,9,0.3,8.9,75.6,6.3,6.0,0.00,0.14,0.14,0,0,2.3333333333333335
334,R.Williams,12,2,4.0,0,0.0,0.0,0.0,0.0,0.0,0.00,0.00,0.00,0,0,2.3333333333333335
335,Robertson,12,2,5.8,84,3.0,115.0,359.8,629.1,162.0,0.89,3.92,4.81,0,10,2.3333333333333335
336,Szoboszlai,12,3,6.3,115,1.7,156.3,443.4,611.6,513.0,6.43,4.42,10.85,0,11,2.3333333333333335
337,Tsimikas,12,2,4.6,32,0.0,30.4,136.6,130.4,35.0,0.12,1.10,1.22,0,3,2.3333333333333335
339,Virgil,12,2,6.5,117,3.7,114.1,739.4,170.8,232.0,1.53,0.79,2.32,0,13,2.3333333333333335
636,Chiesa,12,3,6.8,4,0.3,3.9,3.4,2.4,34.0,0.24,0.10,0.34,0,0,2.3333333333333335
660,Jaros,12,1,4.0,1,0.0,0.9,8.8,0.0,0.0,0.00,0.00,0.00,1,0,2.3333333333333335
669,Davies,12,1,4.0,0,0.0,0.0,0.0,0.0,0.0,0.00,0.00,0.00,0,0,2.3333333333333335
688,Nyoni,12,3,4.5,0,0.0,0.0,0.0,0.0,0.0,0.00,0.00,0.00,0,0,2.3333333333333335
692,Nallo,12,2,4.0,0,0.0,0.0,0.0,0.0,0.0,0.00,0.00,0.00,0,0,2.3333333333333335
709,Danns,12,4,4.5,1,0.0,0.0,0.0,0.3,0.0,0.00,0.01,0.01,0,0,2.3333333333333335
744,Slot,12,5,1.5,78,6.7,0.0,0.0,0.0,0.0,0.00,0.00,0.00,0,0,2.3333333333333335
340,Akanji,13,2,5.3,44,0.0,58.0,291.8,231.8,56.0,0.70,1.09,1.79,0,4,2.6666666666666665
341,Aké,13,2,5.3,25,0.0,15.9,104.6,33.7,20.0,0.22,0.17,0.39,0,3,2.6666666666666665
342,Bernardo,13,3,6.1,78,1.2,154.3,449.8,631.6,461.0,2.97,3.51,6.48,0,5,2.6666666666666665
343,Bobb,13,3,4.7,1,0.2,0.0,0.2,0.0,0.0,0.00,0.00,0.00,0,0,2.6666666666666665
344,Carson,13,1,3.9,0,0.0,0.0,0.0,0.0,0.0,0.00,0.00,0.00,0,0,2.6666666666666665
345,De Bruyne,13,3,9.3,79,1.2,122.6,322.2,622.9,284.0,2.74,4.70,7.44,0,6,2.6666666666666665
346,Doku,13,3,6.2,71,1.8,118.5,384.8,401.1,396.0,0.97,3.05,4.02,0,6,2.6666666666666665
347,Ederson M.,13,1,5.3,87,3.8,53.0,501.0,30.0,0.0,0.00,0.02,0.02,50,7,2.6666666666666665
348,Foden,13,3,9.2,100,1.2,159.2,440.4,717.7,438.0,5.13,5.13,10.25,0,5,2.6666666666666665
349,Grealish,13,3,6.4,36,2.5,70.8,154.6,320.7,232.0,1.13,1.67,2.80,0,2,2.6666666666666665
350,Gvardiol,13,2,6.1,121,4.5,160.4,725.6,453.6,421.0,4.23,2.69,6.92,0,9,2.6666666666666665
351,Haaland,13,4,14.8,171,2.2,264.0,906.4,323.4,1408.0,20.78,1.75,22.53,0,7,2.6666666666666665
352,J.Alvarez,13,4,7.0,0,0.0,0.0,0.0,0.0,0.0,0.00,0.00,0.00,0,0,2.6666666666666665
353,João Cancelo,13,2,5.3,0,0.0,0.0,0.0,0.0,0.0,0.00,0.00,0.00,0,0,2.6666666666666665
354,Kovačić,13,3,5.4,83,1.0,107.1,454.0,466.0,150.0,1.46,2.70,4.15,0,8,2.6666666666666665
355,Lewis,13,2,4.3,58,1.0,61.2,281.8,200.1,131.0,1.32,0.92,2.24,0,4,2.6666666666666665
356,Matheus N.,13,3,4.9,51,2.0,72.1,241.6,350.7,128.0,0.53,2.47,3.00,0,6,2.6666666666666665
357,McAtee,13,3,4.6,21,0.2,16.2,72.2,19.6,75.0,1.37,0.04,1.41,0,0,2.6666666666666665
358,Ortega Moreno,13,1,5.2,26,0.2,24.7,246.4,0.0,0.0,0.00,0.00,0.00,28,2,2.6666666666666665
360,Rodrigo,13,3,6.2,2,0.0,2.8,10.8,17.1,0.0,0.00,0.09,0.09,0,0,2.6666666666666665
361,Rúben,13,2,5.4,55,3.5,56.5,329.6,142.3,93.0,1.29,0.89,2.18,0,7,2.6666666666666665
362,Stones,13,2,5.3,29,0.0,27.4,155.6,49.8,70.0,0.60,0.17,0.77,0,1,2.6666666666666665
363,Walker,13,2,5.1,13,0.0,33.5,157.4,147.7,29.0,0.12,1.34,1.46,0,0,2.6666666666666665
571,Savinho,13,3,6.2,100,3.0,167.7,397.0,639.0,638.0,4.78,5.93,10.71,0,7,2.6666666666666665
607,O’Reilly,13,3,4.9,8,1.5,8.3,29.4,35.0,19.0,0.14,0.21,0.35,0,2,2.6666666666666665
625,Gündogan,13,3,6.3,61,3.2,102.5,251.8,589.7,183.0,1.81,3.54,5.34,0,6,2.6666666666666665
626,Kaboré,13,2,4.5,0,0.0,0.0,0.0,0.0,0.0,0.00,0.00,0.00,0,0,2.6666666666666665
671,Wright,13,3,4.5,0,0.0,0.0,0.0,0.0,0.0,0.00,0.00,0.00,0,0,2.6666666666666665
672,Simpson-Pusey,13,2,4.0,1,0.0,2.4,19.6,2.2,2.0,0.00,0.01,0.01,0,0,2.6666666666666665
675,Wilson-Esbrand,13,2,4.0,0,0.0,0.0,0.0,0.0,0.0,0.00,0.00,0.00,0,0,2.6666666666666665
698,Mubama,13,4,4.5,1,0.0,0.5,0.2,0.1,5.0,0.04,0.00,0.04,0,0,2.6666666666666665
703,Alleyne,13,2,4.0,0,0.0,0.0,0.0,0.0,0.0,0.00,0.00,0.00,0,0,2.6666666666666665
704,Brits,13,1,4.0,0,0.0,0.0,0.0,0.0,0.0,0.00,0.00,0.00,0,0,2.6666666666666665
732,Khusanov,13,2,5.0,14,0.2,14.1,102.0,33.9,4.0,0.02,0.09,0.11,0,2,2.6666666666666665
733,Vitor Reis,13,2,4.5,1,0.2,0.3,3.2,0.0,0.0,0.00,0.00,0.00,0,0,2.6666666666666665
736,Guardiola,13,5,1.5,51,5.0,0.0,0.0,0.0,0.0,0.00,0.00,0.00,0,0,2.6666666666666665
755,Marmoush,13,4,7.6,49,6.0,61.0,228.2,148.3,233.0,2.76,0.93,3.69,0,4,2.6666666666666665
765,N.Gonzalez,13,3,6.0,14,1.5,14.4,63.6,56.6,27.0,0.22,0.38,0.60,0,4,2.6666666666666665
785,Echeverri,13,3,5.9,0,0.0,0.0,0.0,0.0,0.0,0.00,0.00,0.00,0,0,2.6666666666666665
364,Amad,14,3,5.3,107,0.0,154.7,516.8,552.3,477.0,4.12,3.42,7.54,0,6,3.6666666666666665
365,Antony,14,3,5.7,8,0.0,15.8,35.0,50.7,74.0,0.60,0.21,0.81,0,0,3.6666666666666665
366,B.Fernandes,14,3,8.6,157,7.8,257.5,911.6,1153.7,514.0,8.87,6.24,15.11,0,9,3.6666666666666665
367,Bayindir,14,1,4.3,0,0.0,0.0,0.0,0.0,0.0,0.00,0.00,0.00,0,0,3.6666666666666665
368,Casemiro,14,3,4.6,42,1.5,93.0,393.2,304.6,231.0,1.41,1.88,3.29,0,4,3.6666666666666665
369,Dalot,14,2,5.0,90,5.0,110.5,453.4,403.8,251.0,1.94,2.30,4.24,0,8,3.6666666666666665
370,Eriksen,14,3,5.2,30,1.2,48.4,130.6,321.1,32.0,0.19,1.75,1.94,0,4,3.6666666666666665
371,Evans,14,2,4.4,14,0.0,6.1,51.0,4.1,6.0,0.08,0.02,0.10,0,1,3.6666666666666665
372,Garnacho,14,3,5.9,82,4.2,145.4,329.6,386.6,746.0,6.10,1.82,7.92,0,5,3.6666666666666665
373,Hannibal,14,3,4.5,0,0.0,0.0,0.0,0.0,0.0,0.00,0.00,0.00,0,0,3.6666666666666665
374,Heaton,14,1,3.9,0,0.0,0.0,0.0,0.0,0.0,0.00,0.00,0.00,0,0,3.6666666666666665
375,Højlund,14,4,6.9,60,2.8,60.4,139.0,199.0,273.0,2.81,0.85,3.66,0,4,3.6666666666666665
376,Lindelof,14,2,4.3,14,2.2,10.5,61.0,37.4,6.0,0.00,0.06,0.06,0,1,3.6666666666666665
377,Maguire,14,2,4.9,37,0.5,60.4,360.8,78.3,164.0,1.41,0.21,1.62,0,2,3.6666666666666665
378,Mainoo,14,3,5.2,32,0.0,46.9,154.8,211.9,99.0,0.60,1.22,1.82,0,5,3.6666666666666665
379,Malacia,14,2,4.4,2,0.0,1.7,5.2,13.9,0.0,0.00,0.02,0.02,0,0,3.6666666666666665
380,Martinez,14,2,4.3,68,0.0,73.8,426.6,153.9,158.0,1.33,1.21,2.54,0,6,3.6666666666666665
381,McTominay,14,3,4.9,2,0.0,0.9,3.2,0.3,5.0,0.07,0.00,0.07,0,0,3.6666666666666665
382,Mount,14,3,6.3,9,0.2,14.8,26.6,70.7,53.0,0.69,0.13,0.82,0,1,3.6666666666666665
383,Onana,14,1,4.9,114,5.8,71.6,703.0,13.0,0.0,0.00,0.19,0.19,87,9,3.6666666666666665
384,Pellistri,14,3,5.0,0,0.0,0.0,0.0,0.0,0.0,0.00,0.00,0.00,0,0,3.6666666666666665
387,Shaw,14,2,4.9,2,0.0,2.0,16.6,2.6,0.0,0.00,0.01,0.01,0,0,3.6666666666666665
389,Zirkzee,14,4,6.5,63,1.5,75.3,220.8,207.9,330.0,4.50,1.02,5.52,0,3,3.6666666666666665
572,Yoro,14,2,4.3,19,2.0,23.2,153.2,29.5,48.0,0.70,0.10,0.80,0,1,3.6666666666666665
593,De Ligt,14,2,4.8,68,2.5,90.8,511.6,88.6,303.0,2.48,0.25,2.73,0,4,3.6666666666666665
594,Mazraoui,14,2,4.2,81,4.2,90.1,520.4,269.9,112.0,0.62,1.63,2.25,0,7,3.6666666666666665
613,Collyer,14,3,4.5,6,0.5,7.9,40.4,29.9,8.0,0.08,0.37,0.45,0,0,3.6666666666666665
648,Wheatley,14,4,4.5,0,0.0,0.0,0.0,0.0,0.0,0.00,0.00,0.00,0,0,3.6666666666666665
652,Ugarte,14,3,4.9,38,1.8,45.2,229.2,143.3,81.0,0.74,0.57,1.31,0,4,3.6666666666666665
658,Heaven,14,2,4.0,2,0.5,3.1,28.2,0.7,2.0,0.00,0.00,0.00,0,0,3.6666666666666665
667,Fletcher,14,3,4.5,0,0.0,0.0,0.0,0.0,0.0,0.00,0.00,0.00,0,0,3.6666666666666665
670,Amass,14,2,4.0,1,0.2,0.9,7.8,1.0,0.0,0.00,0.00,0.00,0,0,3.6666666666666665
673,Fitzgerald,14,3,4.5,0,0.0,0.0,0.0,0.0,0.0,0.00,0.00,0.00,0,0,3.6666666666666665
691,Kukonki,14,2,4.0,0,0.0,0.0,0.0,0.0,0.0,0.00,0.00,0.00,0,0,3.6666666666666665
745,Amorim,14,5,0.8,53,7.5,0.0,0.0,0.0,0.0,0.00,0.00,0.00,0,0,3.6666666666666665
761,Harrison,14,1,4.0,0,0.0,0.0,0.0,0.0,0.0,0.00,0.00,0.00,0,0,3.6666666666666665
766,Dorgu,14,2,4.5,7,2.0,21.3,50.6,77.9,85.0,0.35,1.07,1.42,0,1,3.6666666666666665
776,Obi,14,4,4.5,2,0.2,0.4,1.2,1.8,2.0,0.00,0.01,0.01,0,0,3.6666666666666665
777,Fredricson,14,2,4.0,0,0.0,0.0,0.0,0.0,0.0,0.00,0.00,0.00,0,0,3.6666666666666665
778,Moorhouse,14,3,4.5,0,0.0,0.0,0.0,0.0,0.0,0.00,0.00,0.00,0,0,3.6666666666666665
779,Koné,14,3,4.5,0,0.0,0.0,0.0,0.0,0.0,0.00,0.00,0.00,0,0,3.6666666666666665
783,Graczyk,14,1,4.0,0,0.0,0.0,0.0,0.0,0.0,0.00,0.00,0.00,0,0,3.6666666666666665
788,Dermot Mee,14,1,4.0,0,0.0,0.0,0.0,0.0,0.0,0.00,0.00,0.00,0,0,3.6666666666666665
390,A.Murphy,15,2,4.0,0,0.0,0.0,0.0,0.0,0.0,0.00,0.00,0.00,0,0,2.6666666666666665
391,Almirón,15,3,5.4,10,0.0,11.3,15.2,40.9,57.0,0.52,0.19,0.71,0,0,2.6666666666666665
392,Barnes,15,3,5.9,78,3.7,95.7,306.2,247.4,402.0,3.07,3.31,6.38,0,2,2.6666666666666665
393,Botman,15,2,4.4,7,0.0,5.8,41.8,2.6,13.0,0.03,0.02,0.05,0,1,2.6666666666666665
394,Bruno G.,15,3,6.2,105,4.3,143.0,552.8,602.9,272.0,2.84,4.37,7.21,0,9,2.6666666666666665
395,Burn,15,2,4.5,75,2.3,77.3,526.0,69.0,176.0,1.10,0.80,1.90,0,9,2.6666666666666665
396,Dúbravka,15,1,4.2,44,0.0,22.0,220.2,0.0,0.0,0.00,0.00,0.00,29,5,2.6666666666666665
398,Gordon,15,3,7.4,113,0.0,188.0,520.4,728.2,630.0,8.01,4.50,12.51,0,9,2.6666666666666665
399,Hall,15,2,4.8,102,0.0,125.3,561.6,561.2,128.0,0.43,3.73,4.16,0,8,2.6666666666666665
400,Hayden,15,3,4.4,0,0.0,0.0,0.0,0.0,0.0,0.00,0.00,0.00,0,0,2.6666666666666665
401,Isak,15,4,9.5,177,3.3,241.9,909.8,484.8,1032.0,16.01,3.16,19.17,0,8,2.6666666666666665
402,J.Murphy,15,3,5.1,106,2.7,128.7,481.6,436.1,371.0,4.06,4.12,8.18,0,7,2.6666666666666665
403,Joelinton,15,3,6.0,81,1.7,117.8,415.2,337.9,422.0,3.59,1.73,5.32,0,8,2.6666666666666665
404,Kelly,15,2,4.2,12,0.0,12.6,80.6,29.0,20.0,0.41,0.11,0.52,0,0,2.6666666666666665
405,Krafth,15,2,4.3,12,0.3,6.7,44.4,11.2,11.0,0.04,0.03,0.07,0,1,2.6666666666666665
406,Kuol,15,3,4.4,0,0.0,0.0,0.0,0.0,0.0,0.00,0.00,0.00,0,0,2.6666666666666665
407,Lascelles,15,2,4.5,0,0.0,0.0,0.0,0.0,0.0,0.00,0.00,0.00,0,0,2.6666666666666665
408,Lewis,15,2,4.0,0,0.0,0.0,0.0,0.0,0.0,0.00,0.00,0.00,0,0,2.6666666666666665
409,Livramento,15,2,4.6,67,3.0,70.6,406.4,242.1,57.0,0.13,1.32,1.45,0,6,2.6666666666666665
410,Longstaff,15,3,4.4,30,0.3,25.7,104.4,75.8,76.0,0.60,0.22,0.82,0,2,2.6666666666666665
411,Miley,15,3,5.0,16,0.3,13.7,72.0,21.8,43.0,0.57,0.09,0.66,0,0,2.6666666666666665
412,Odysseas,15,1,4.2,0,0.0,0.0,0.0,0.0,0.0,0.00,0.00,0.00,0,0,2.6666666666666665
413,Pope,15,1,4.9,58,2.7,44.1,442.2,0.0,0.0,0.00,0.00,0.00,61,4,2.6666666666666665
414,Ruddy,15,1,3.9,0,0.0,0.0,0.0,0.0,0.0,0.00,0.00,0.00,0,0,2.6666666666666665
415,Schär,15,2,5.4,67,2.3,75.6,512.6,74.0,174.0,1.79,0.80,2.59,0,7,2.6666666666666665
416,Targett,15,2,3.9,1,0.0,0.3,2.4,1.0,0.0,0.00,0.00,0.00,0,0,2.6666666666666665
417,Tonali,15,3,5.5,66,4.3,77.9,341.0,237.2,201.0,3.21,1.20,4.41,0,7,2.6666666666666665
418,Trippier,15,2,5.6,36,3.3,35.8,145.6,189.9,21.0,0.05,0.62,0.67,0,3,2.6666666666666665
419,White,15,3,4.5,0,0.0,0.0,0.0,0.0,0.0,0.00,0.00,0.00,0,0,2.6666666666666665
420,Willock,15,3,4.7,39,0.7,50.5,140.8,223.6,143.0,0.93,0.80,1.73,0,3,2.6666666666666665
421,Wilson,15,4,6.9,9,0.7,5.3,6.4,13.9,38.0,0.33,0.02,0.35,0,0,2.6666666666666665
574,Pivas,15,2,4.0,0,0.0,0.0,0.0,0.0,0.0,0.00,0.00,0.00,0,0,2.6666666666666665
590,Osula,15,4,4.9,10,0.0,2.1,6.2,10.4,4.0,0.00,0.02,0.02,0,0,2.6666666666666665
746,Howe,15,5,1.5,37,5.7,0.0,0.0,0.0,0.0,0.00,0.00,0.00,0,0,2.6666666666666665
789,Neave,15,4,4.5,0,0.0,0.0,0.0,0.0,0.0,0.00,0.00,0.00,0,0,2.6666666666666665
26,Alex Moreno,16,2,4.2,32,0.2,28.9,175.0,85.7,29.0,0.17,0.88,1.05,0,3,2.3333333333333335
422,Aina,16,2,5.3,123,2.0,79.6,513.4,206.7,75.0,0.58,1.49,2.07,0,12,2.3333333333333335
423,Anderson,16,3,5.0,88,3.2,125.2,495.6,519.5,234.0,1.63,3.10,4.73,0,12,2.3333333333333335
424,Awoniyi,16,4,5.5,29,1.0,21.5,62.8,40.8,118.0,2.15,0.12,2.27,0,1,2.3333333333333335
425,Boly,16,2,4.2,6,0.2,6.8,51.0,0.4,17.0,0.07,0.00,0.07,0,0,2.3333333333333335
426,Bowler,16,3,4.5,0,0.0,0.0,0.0,0.0,0.0,0.00,0.00,0.00,0,0,2.3333333333333335
427,C.Miguel,16,1,4.1,0,0.0,0.0,0.0,0.0,0.0,0.00,0.00,0.00,0,0,2.3333333333333335
428,Da Silva Moreira,16,3,4.3,2,0.0,0.6,5.2,0.3,0.0,0.00,0.00,0.00,0,0,2.3333333333333335
429,Danilo,16,3,4.7,9,0.5,2.1,17.4,4.1,0.0,0.00,0.01,0.01,0,1,2.3333333333333335
430,Dennis,16,4,4.9,0,0.0,0.0,0.0,0.0,0.0,0.00,0.00,0.00,0,0,2.3333333333333335
431,Dominguez,16,3,4.8,39,2.0,68.7,309.4,194.8,183.0,1.37,1.28,2.65,0,6,2.3333333333333335
432,Elanga,16,3,5.5,130,7.8,155.2,521.6,592.3,436.0,4.24,3.77,8.01,0,12,2.3333333333333335
433,Gibbs-White,16,3,6.6,123,3.8,172.0,543.8,661.8,514.0,4.38,4.24,8.62,0,12,2.3333333333333335
434,Hudson-Odoi,16,3,5.2,97,3.8,140.2,413.6,627.2,365.0,2.40,2.43,4.83,0,11,2.3333333333333335
435,Mighten,16,3,4.5,0,0.0,0.0,0.0,0.0,0.0,0.00,0.00,0.00,0,0,2.3333333333333335
436,Murillo,16,2,4.7,112,4.8,108.5,749.4,187.8,147.0,1.16,1.05,2.21,0,12,2.3333333333333335
437,N.Williams,16,2,4.4,93,4.0,90.0,456.8,236.7,205.0,2.13,1.12,3.25,0,10,2.3333333333333335
438,O.Richards,16,2,4.5,0,0.0,0.0,0.0,0.0,0.0,0.00,0.00,0.00,0,0,2.3333333333333335
439,O'Brien,16,3,5.0,0,0.0,0.0,0.0,0.0,0.0,0.00,0.00,0.00,0,0,2.3333333333333335
440,Omobamidele,16,2,4.2,0,0.0,0.0,0.0,0.0,0.0,0.00,0.00,0.00,0,0,2.3333333333333335
441,Panzo,16,2,4.0,0,0.0,0.0,0.0,0.0,0.0,0.00,0.00,0.00,0,0,2.3333333333333335
442,Sangaré,16,3,4.3,12,0.5,12.7,66.4,39.6,21.0,0.02,0.08,0.10,0,1,2.3333333333333335
443,Sels,16,1,5.1,136,5.0,79.6,781.8,10.1,0.0,0.00,0.07,0.07,100,13,2.3333333333333335
444,Toffolo,16,2,4.2,3,0.0,2.8,18.2,3.3,6.0,0.02,0.01,0.03,0,0,2.3333333333333335
446,Ui-jo,16,4,4.5,0,0.0,0.0,0.0,0.0,0.0,0.00,0.00,0.00,0,0,2.3333333333333335
447,Wood,16,4,7.1,174,1.0,173.3,744.0,225.4,762.0,10.90,1.08,11.98,0,14,2.3333333333333335
448,Worrall,16,2,4.5,0,0.0,0.0,0.0,0.0,0.0,0.00,0.00,0.00,0,0,2.3333333333333335
449,Yates,16,3,4.8,61,2.2,80.2,319.2,226.1,254.0,2.33,0.45,2.78,0,6,2.3333333333333335
573,Milenković,16,2,5.1,127,6.0,102.5,632.0,84.0,311.0,3.63,0.67,4.30,0,13,2.3333333333333335
596,Jota Silva,16,3,5.9,47,2.8,58.1,207.2,181.9,190.0,1.62,1.86,3.48,0,1,2.3333333333333335
620,Sosa,16,3,5.5,22,0.5,28.2,84.2,102.6,96.0,1.04,0.36,1.40,0,1,2.3333333333333335
653,Morato,16,2,4.5,35,0.5,20.9,175.8,9.2,22.0,0.18,0.02,0.20,0,3,2.3333333333333335
706,Abbott,16,2,4.0,0,0.0,0.0,0.0,0.0,0.0,0.00,0.00,0.00,0,0,2.3333333333333335
721,Hennessey,16,1,4.0,0,0.0,0.0,0.0,0.0,0.0,0.00,0.00,0.00,0,0,2.3333333333333335
747,Nuno,16,5,1.1,53,7.2,0.0,0.0,0.0,0.0,0.00,0.00,0.00,0,0,2.3333333333333335
14,Ramsdale,17,1,4.4,61,1.8,73.2,731.2,0.0,0.0,0.00,0.03,0.03,98,2,3.3333333333333335
27,Archer,17,4,4.9,49,1.2,49.4,105.0,76.7,316.0,4.94,0.55,5.49,0,1,3.3333333333333335
188,Ugochukwu,17,3,4.4,30,2.0,41.5,174.0,191.1,52.0,0.69,0.56,1.25,0,1,3.3333333333333335
397,Fraser,17,3,4.8,7,0.0,6.7,35.8,26.8,13.0,0.02,0.10,0.12,0,0,3.3333333333333335
451,Amo-Ameyaw,17,3,4.4,1,0.0,2.6,4.0,16.1,6.0,0.02,0.13,0.15,0,0,3.3333333333333335
452,Aribo,17,3,4.9,70,1.5,89.5,361.6,288.9,242.0,2.69,1.22,3.91,0,1,3.3333333333333335
453,Armstrong,17,4,5.1,45,0.0,56.0,154.4,143.7,262.0,3.28,0.56,3.84,0,2,3.3333333333333335
454,Bazunu,17,1,4.3,0,0.0,0.0,0.0,0.0,0.0,0.00,0.00,0.00,0,0,3.3333333333333335
455,Bednarek,17,2,4.0,49,0.8,79.6,651.8,75.8,69.0,0.65,0.81,1.46,0,2,3.3333333333333335
456,Bella-Kotchap,17,2,3.9,2,0.5,7.0,64.6,2.3,4.0,0.32,0.01,0.33,0,0,3.3333333333333335
457,Bree,17,2,3.9,15,0.0,36.0,167.4,152.1,41.0,0.11,0.67,0.78,0,0,3.3333333333333335
458,Charles,17,3,4.5,0,0.0,0.0,0.0,0.0,0.0,0.00,0.00,0.00,0,0,3.3333333333333335
459,Edozie,17,3,4.9,1,0.0,5.1,9.8,19.0,22.0,0.00,0.15,0.15,0,0,3.3333333333333335
460,Edwards,17,2,3.9,1,0.0,0.5,5.0,0.1,0.0,0.00,0.00,0.00,0,0,3.3333333333333335
461,Harwood-Bellis,17,2,4.0,45,1.2,100.6,598.6,187.0,219.0,1.72,0.57,2.29,0,2,3.3333333333333335
462,Kamaldeen,17,3,5.0,41,3.0,49.8,144.4,151.6,204.0,0.99,0.72,1.71,0,1,3.3333333333333335
463,Lallana,17,3,5.0,17,0.2,18.4,81.2,82.4,21.0,0.15,0.48,0.63,0,0,3.3333333333333335
464,Larios,17,2,3.9,0,0.0,0.0,0.0,0.0,0.0,0.00,0.00,0.00,0,0,3.3333333333333335
465,Lis,17,1,4.0,0,0.0,0.0,0.0,0.0,0.0,0.00,0.00,0.00,0,0,3.3333333333333335
466,Lumley,17,1,4.0,8,0.0,10.2,102.2,0.0,0.0,0.00,0.00,0.00,13,0,3.3333333333333335
467,Manning,17,2,4.3,25,2.2,65.7,239.0,360.6,58.0,0.29,2.40,2.69,0,1,3.3333333333333335
468,Mara,17,4,5.0,0,0.0,0.0,0.0,0.0,0.0,0.00,0.00,0.00,0,0,3.3333333333333335
469,McCarthy,17,1,4.2,12,0.0,16.7,166.4,0.0,0.0,0.00,0.00,0.00,24,0,3.3333333333333335
470,Onuachu,17,4,4.9,47,3.8,75.2,208.2,121.0,429.0,3.21,0.25,3.46,0,1,3.3333333333333335
471,Smallbone,17,3,5.0,21,2.0,29.8,100.6,142.6,55.0,0.39,0.77,1.16,0,0,3.3333333333333335
472,Stephens,17,2,4.0,14,0.8,21.1,139.2,52.4,19.0,0.28,0.20,0.48,0,1,3.3333333333333335
473,Stewart,17,4,4.4,4,0.2,2.2,6.0,7.0,9.0,0.17,0.02,0.19,0,0,3.3333333333333335
474,Sugawara,17,2,4.2,41,1.0,70.4,282.4,288.3,135.0,0.47,2.45,2.92,0,2,3.3333333333333335
475,Taylor,17,2,3.9,5,0.0,10.2,72.6,26.5,2.0,0.00,0.10,0.10,0,0,3.3333333333333335
476,Walker-Peters,17,2,4.2,46,1.2,100.2,447.4,357.3,201.0,0.60,2.21,2.80,0,2,3.3333333333333335
477,Wood,17,2,4.0,13,0.0,13.0,94.8,19.4,14.0,0.23,0.04,0.27,0,1,3.3333333333333335
515,Cornet,17,3,4.7,1,0.0,2.2,11.6,3.5,7.0,0.16,0.00,0.16,0,0,3.3333333333333335
518,Downes,17,3,4.7,37,0.8,56.7,214.2,239.2,111.0,0.62,1.15,1.77,0,3,3.3333333333333335
584,Brereton Díaz,17,3,4.8,13,0.0,16.8,21.8,63.6,81.0,0.90,0.15,1.05,0,0,3.3333333333333335
608,Dibling,17,3,4.4,59,2.5,82.6,246.2,322.0,258.0,2.46,1.42,3.88,0,2,3.3333333333333335
623,M.Fernandes,17,3,5.0,78,5.0,131.0,444.4,524.3,339.0,3.79,2.76,6.55,0,4,3.3333333333333335
693,O'Brien-Whitmarsh,17,3,4.5,0,0.0,0.0,0.0,0.0,0.0,0.00,0.00,0.00,0,0,3.3333333333333335
718,Welington,17,2,4.0,5,0.5,10.2,56.0,41.9,5.0,0.01,0.14,0.15,0,0,3.3333333333333335
719,Kayi Sanda,17,2,4.0,0,0.0,0.0,0.0,0.0,0.0,0.00,0.00,0.00,0,0,3.3333333333333335
734,Grønbæk,17,3,4.9,6,0.8,3.7,15.8,11.4,9.0,0.12,0.01,0.13,0,0,3.3333333333333335
748,Jurić,17,5,0.5,22,3.0,0.0,0.0,0.0,0.0,0.00,0.00,0.00,0,0,3.3333333333333335
82,Solanke,18,4,7.3,91,2.0,127.5,426.2,195.4,663.0,9.37,1.11,10.48,0,4,2.6666666666666665
478,A.Phillips,18,2,4.0,0,0.0,0.0,0.0,0.0,0.0,0.00,0.00,0.00,0,0,2.6666666666666665
479,Austin,18,1,4.0,1,0.0,2.0,20.0,0.0,0.0,0.00,0.00,0.00,2,0,2.6666666666666665
480,Bentancur,18,3,4.9,44,1.5,64.4,294.8,187.6,159.0,1.36,0.92,2.28,0,3,2.6666666666666665
481,Bergvall,18,3,4.4,40,2.5,50.7,219.0,195.2,93.0,0.80,0.76,1.56,0,3,2.6666666666666665
482,Bissouma,18,3,4.8,45,0.5,42.6,245.4,126.9,51.0,0.57,0.47,1.04,0,3,2.6666666666666665
483,Bryan,18,3,5.0,0,0.0,0.0,0.0,0.0,0.0,0.00,0.00,0.00,0,0,2.6666666666666665
484,Davies,18,2,4.3,26,0.8,28.0,217.8,22.6,38.0,0.17,0.22,0.39,0,3,2.6666666666666665
485,Devine,18,3,4.5,0,0.0,0.0,0.0,0.0,0.0,0.00,0.00,0.00,0,0,2.6666666666666665
486,Dragusin,18,2,4.3,24,0.0,36.2,256.4,58.1,47.0,0.13,0.16,0.29,0,2,2.6666666666666665
487,E.Royal,18,2,4.5,0,0.0,0.0,0.0,0.0,0.0,0.00,0.00,0.00,0,0,2.6666666666666665
488,Forster,18,1,4.3,19,0.0,22.2,221.0,0.0,0.0,0.00,0.00,0.00,29,1,2.6666666666666665
489,Gray,18,3,4.6,35,0.8,26.9,211.4,45.9,11.0,0.03,0.16,0.19,0,2,2.6666666666666665
490,Højbjerg,18,3,5.0,0,0.0,0.0,0.0,0.0,0.0,0.00,0.00,0.00,0,0,2.6666666666666665
491,Johnson,18,3,6.2,126,5.0,154.3,536.4,271.7,741.0,10.02,1.86,11.88,0,2,2.6666666666666665
492,Kulusevski,18,3,6.2,110,0.0,208.0,584.0,813.1,685.0,3.92,3.95,7.87,0,6,2.6666666666666665
493,Lo Celso,18,3,4.9,0,0.0,0.0,0.0,0.0,0.0,0.00,0.00,0.00,0,0,2.6666666666666665
494,Maddison,18,3,7.4,127,2.5,176.4,648.4,632.1,486.0,5.47,5.67,11.14,0,6,2.6666666666666665
495,Pedro Porro,18,2,5.3,94,0.5,168.0,704.8,785.3,188.0,1.52,3.92,5.44,0,6,2.6666666666666665
496,Reguilón,18,2,4.1,1,0.0,5.2,20.8,20.2,11.0,0.07,0.24,0.31,0,0,2.6666666666666665
497,Richarlison,18,4,6.8,20,0.0,29.0,119.8,54.8,116.0,1.17,0.58,1.75,0,1,2.6666666666666665
498,Romero,18,2,4.9,47,3.0,62.4,313.6,99.2,209.0,1.47,0.76,2.23,0,3,2.6666666666666665
499,P.M.Sarr,18,3,4.7,61,2.8,76.1,351.0,231.9,183.0,3.14,0.62,3.76,0,2,2.6666666666666665
500,Scarlett,18,4,4.4,6,0.2,5.2,24.4,11.0,17.0,0.04,0.00,0.04,0,0,2.6666666666666665
502,Solomon,18,3,5.4,0,0.0,0.0,0.0,0.0,0.0,0.00,0.00,0.00,0,0,2.6666666666666665
503,Son,18,3,9.8,126,2.5,204.9,630.6,729.9,688.0,7.09,4.94,12.03,0,4,2.6666666666666665
504,Spence,18,2,4.4,48,2.0,62.2,345.4,189.5,86.0,0.49,1.27,1.76,0,3,2.6666666666666665
505,Udogie,18,2,4.8,45,1.0,70.8,332.2,244.3,130.0,0.31,1.16,1.47,0,2,2.6666666666666665
506,Van de Ven,18,2,4.5,31,0.8,28.1,185.8,37.5,57.0,0.54,0.69,1.23,0,2,2.6666666666666665
507,Veliz,18,4,5.0,0,0.0,0.0,0.0,0.0,0.0,0.00,0.00,0.00,0,0,2.6666666666666665
508,Vicario,18,1,4.8,62,2.5,50.2,504.0,0.0,0.0,0.00,0.00,0.00,58,4,2.6666666666666665
509,Werner,18,3,6.2,34,0.0,37.1,114.6,148.0,113.0,1.04,1.55,2.59,0,1,2.6666666666666665
510,Whiteman,18,1,3.9,0,0.0,0.0,0.0,0.0,0.0,0.00,0.00,0.00,0,0,2.6666666666666665
609,Lankshear,18,4,4.5,3,0.0,0.0,0.0,0.0,0.0,0.00,0.00,0.00,0,0,2.6666666666666665
610,Moore,18,3,4.5,14,0.0,9.4,23.4,42.7,30.0,0.20,0.55,0.75,0,0,2.6666666666666665
612,Odobert,18,3,5.3,16,1.5,19.6,28.6,69.6,98.0,0.68,0.21,0.89,0,1,2.6666666666666665
683,Olusesi,18,3,4.5,0,0.0,0.0,0.0,0.0,0.0,0.00,0.00,0.00,0,0,2.6666666666666665
684,Hardy,18,2,4.0,0,0.0,0.0,0.0,0.0,0.0,0.00,0.00,0.00,0,0,2.6666666666666665
689,Williams-Barnett,18,3,4.5,0,0.0,0.0,0.0,0.0,0.0,0.00,0.00,0.00,0,0,2.6666666666666665
699,Dorrington,18,2,4.0,1,0.0,0.1,1.0,0.2,0.0,0.00,0.00,0.00,0,0,2.6666666666666665
700,King,18,2,4.0,0,0.0,0.0,0.0,0.0,0.0,0.00,0.00,0.00,0,0,2.6666666666666665
716,Kinsky,18,1,4.2,12,0.0,11.2,102.6,10.1,0.0,0.00,0.01,0.01,11,1,2.6666666666666665
717,Yang,18,3,4.5,0,0.0,0.0,0.0,0.0,0.0,0.00,0.00,0.00,0,0,2.6666666666666665
729,Ajayi,18,3,4.5,0,0.0,0.0,0.0,0.0,0.0,0.00,0.00,0.00,0,0,2.6666666666666665
749,Postecoglou,18,5,1.1,49,4.8,0.0,0.0,0.0,0.0,0.00,0.00,0.00,0,0,2.6666666666666665
760,Cassanova,18,2,4.0,0,0.0,0.0,0.0,0.0,0.0,0.00,0.00,0.00,0,0,2.6666666666666665
767,Danso,18,2,4.4,11,0.2,16.4,91.4,19.7,53.0,0.33,0.06,0.39,0,1,2.6666666666666665
768,Tel,18,3,5.9,17,2.5,21.7,58.4,43.8,120.0,1.60,0.12,1.72,0,2,2.6666666666666665
123,Ferguson,19,4,5.5,26,0.8,24.7,77.8,68.1,104.0,1.13,0.66,1.79,0,1,3.3333333333333335
388,Wan-Bissaka,19,2,4.5,91,1.8,120.3,640.8,415.5,146.0,1.00,2.19,3.19,0,5,3.3333333333333335
511,Álvarez,19,3,5.0,37,1.0,49.9,253.8,196.0,49.0,0.31,0.84,1.15,0,3,3.3333333333333335
512,Antonio,19,4,5.3,42,0.0,39.5,72.0,139.5,194.0,2.20,0.91,3.11,0,4,3.3333333333333335
513,Areola,19,1,4.2,49,2.5,46.2,460.4,0.0,0.0,0.00,0.00,0.00,60,3,3.3333333333333335
514,Bowen,19,3,7.6,134,4.0,212.4,642.0,634.9,850.0,6.87,5.28,12.15,0,6,3.3333333333333335
516,Coufal,19,2,4.1,18,0.0,28.7,151.0,104.5,35.0,0.27,0.80,1.06,0,1,3.3333333333333335
517,Cresswell,19,2,3.9,27,0.8,23.5,115.8,114.9,5.0,0.11,1.22,1.33,0,2,3.3333333333333335
519,Earthy,19,3,4.5,0,0.0,0.0,0.0,0.0,0.0,0.00,0.00,0.00,0,0,3.3333333333333335
520,Emerson,19,2,4.4,63,1.0,84.7,386.2,301.1,160.0,1.84,2.14,3.98,0,4,3.3333333333333335
521,Fabianski,19,1,4.0,36,0.0,36.1,362.2,0.3,0.0,0.00,0.00,0.00,47,2,3.3333333333333335
522,Foderingham,19,1,4.2,0,0.0,0.0,0.0,0.0,0.0,0.00,0.00,0.00,0,0,3.3333333333333335
523,Ings,19,4,4.9,32,0.2,33.4,97.0,76.5,159.0,2.25,0.06,2.31,0,0,3.3333333333333335
524,Kilman,19,2,4.3,69,1.8,98.1,667.0,174.8,136.0,1.45,0.88,2.33,0,5,3.3333333333333335
525,Kudus,19,3,6.2,78,2.0,139.1,347.0,455.5,590.0,5.92,2.19,8.11,0,5,3.3333333333333335
526,L.Guilherme,19,3,4.6,9,0.5,7.3,18.0,45.5,10.0,0.14,0.12,0.26,0,0,3.3333333333333335
527,L.Paquetá,19,3,5.7,73,1.8,112.3,371.0,506.5,248.0,5.12,2.59,7.71,0,4,3.3333333333333335
528,Mavropanos,19,2,4.3,39,1.2,63.3,419.0,63.2,150.0,1.26,0.38,1.64,0,2,3.3333333333333335
529,N.Aguerd,19,2,4.4,0,0.0,0.0,0.0,0.0,0.0,0.00,0.00,0.00,0,0,3.3333333333333335
530,Souček,19,3,4.9,103,3.5,125.3,529.8,219.3,511.0,5.20,1.22,6.42,0,6,3.3333333333333335
531,Ward-Prowse,19,3,6.1,31,2.5,44.4,172.8,221.4,49.0,0.42,1.67,2.09,0,3,3.3333333333333335
532,Zouma,19,2,4.4,0,0.0,0.0,0.0,0.0,0.0,0.00,0.00,0.00,0,0,3.3333333333333335
576,Irving,19,3,4.7,9,0.0,8.1,37.6,26.5,17.0,0.13,0.12,0.25,0,0,3.3333333333333335
587,Summerville,19,3,5.5,33,0.0,58.7,156.4,246.1,186.0,1.61,1.71,3.32,0,2,3.3333333333333335
588,G.Rodríguez,19,3,4.8,29,0.2,25.5,168.6,62.1,23.0,0.22,0.12,0.34,0,3,3.3333333333333335
589,Füllkrug,19,4,6.7,29,1.8,38.3,140.6,108.9,140.0,1.66,0.31,1.97,0,1,3.3333333333333335
591,Todibo,19,2,4.2,39,1.0,31.6,258.2,32.1,26.0,0.15,0.04,0.19,0,4,3.3333333333333335
643,Casey,19,2,4.0,1,0.0,0.2,2.0,0.0,0.0,0.00,0.00,0.00,0,0,3.3333333333333335
654,C.Soler,19,3,5.0,41,1.0,49.9,149.4,215.7,134.0,1.23,1.25,2.48,0,2,3.3333333333333335
677,Scarles,19,2,4.0,25,1.2,14.0,78.4,41.0,20.0,0.11,0.17,0.28,0,2,3.3333333333333335
686,Mayers,19,2,4.0,0,0.0,0.0,0.0,0.0,0.0,0.00,0.00,0.00,0,0,3.3333333333333335
701,Orford,19,3,4.5,2,0.0,4.0,6.4,27.6,6.0,0.03,0.04,0.07,0,0,3.3333333333333335
750,Potter,19,5,0.5,53,3.5,0.0,0.0,0.0,0.0,0.00,0.00,0.00,0,0,3.3333333333333335
204,Johnstone,20,1,4.1,12,0.0,20.4,193.8,10.0,0.0,0.00,0.00,0.00,23,0,4.0
533,Aït-Nouri,20,2,4.8,90,3.5,143.0,607.6,493.9,326.0,2.26,2.59,4.85,0,5,4.0
534,B.Traore,20,3,4.8,1,0.2,0.4,4.0,0.0,0.0,0.00,0.00,0.00,0,0,4.0
535,Bellegarde,20,3,4.9,79,5.2,86.5,308.2,381.2,182.0,1.26,2.53,3.79,0,6,4.0
536,Bentley,20,1,3.9,0,0.0,0.0,0.0,0.0,0.0,0.00,0.00,0.00,0,0,4.0
537,Chiquinho,20,3,4.5,1,0.0,1.9,3.0,14.3,2.0,0.00,0.05,0.05,0,0,4.0
538,Chirewa,20,3,4.5,0,0.0,0.0,0.0,0.0,0.0,0.00,0.00,0.00,0,0,4.0
539,Chiwome,20,4,4.4,0,0.0,0.0,0.0,0.0,0.0,0.00,0.00,0.00,0,0,4.0
540,Cundle,20,3,4.5,0,0.0,0.0,0.0,0.0,0.0,0.00,0.00,0.00,0,0,4.0
541,Cunha,20,4,6.8,143,0.0,217.3,776.0,661.2,735.0,6.82,4.45,11.27,0,5,4.0
542,Dawson,20,2,4.3,17,0.0,29.1,204.2,31.3,55.0,0.50,0.07,0.57,0,1,4.0
543,Doherty,20,2,4.3,62,3.2,74.6,447.4,164.8,133.0,1.12,1.20,2.32,0,5,4.0
544,Doyle,20,3,4.7,28,0.5,25.3,114.6,101.7,34.0,0.55,0.35,0.90,0,0,4.0
545,Fábio Silva,20,4,5.0,0,0.0,0.0,0.0,0.0,0.0,0.00,0.00,0.00,0,0,4.0
546,Fraser,20,4,4.5,0,0.0,0.0,0.0,0.0,0.0,0.00,0.00,0.00,0,0,4.0
547,Gonzalez,20,3,4.4,0,0.0,0.0,0.0,0.0,0.0,0.00,0.00,0.00,0,0,4.0
548,Guedes,20,3,5.3,55,0.5,52.6,201.0,167.5,160.0,2.18,0.62,2.80,0,3,4.0
549,H.Bueno,20,2,4.5,0,0.0,0.0,0.0,0.0,0.0,0.00,0.00,0.00,0,0,4.0
550,Hee Chan,20,3,6.1,34,0.2,26.0,109.8,71.4,80.0,0.79,0.35,1.14,0,0,4.0
551,Hodge,20,3,4.5,0,0.0,0.0,0.0,0.0,0.0,0.00,0.00,0.00,0,0,4.0
552,Hoever,20,2,4.0,0,0.0,0.0,0.0,0.0,0.0,0.00,0.00,0.00,0,0,4.0
553,J.Gomes,20,3,4.9,74,2.0,100.0,430.4,364.2,205.0,2.58,2.42,5.00,0,4,4.0
554,José Sá,20,1,4.4,73,3.0,51.0,490.4,20.0,0.0,0.00,0.01,0.01,60,6,4.0
555,Kalajdžić,20,4,4.8,0,0.0,0.0,0.0,0.0,0.0,0.00,0.00,0.00,0,0,4.0
556,King,20,1,4.0,0,0.0,0.0,0.0,0.0,0.0,0.00,0.00,0.00,0,0,4.0
557,Mario Jr.,20,3,4.8,47,0.0,64.4,356.8,166.7,120.0,1.30,0.87,2.17,0,1,4.0
558,Mosquera,20,2,3.8,3,0.0,16.0,110.2,27.3,21.0,0.33,0.03,0.36,0,0,4.0
559,N.Semedo,20,2,4.5,67,3.0,87.3,437.8,308.5,125.0,0.85,1.27,2.12,0,6,4.0
561,Pedro Lima,20,2,3.9,2,0.0,6.9,23.4,34.8,11.0,0.06,0.10,0.16,0,0,4.0
562,Podence,20,3,5.5,2,0.0,0.4,3.0,1.1,1.0,0.04,0.01,0.05,0,0,4.0
563,R.Gomes,20,3,5.1,29,0.2,36.9,137.2,153.6,82.0,0.37,0.80,1.17,0,1,4.0
564,S.Bueno,20,2,4.3,43,1.0,38.2,288.4,13.4,80.0,0.45,0.08,0.53,0,4,4.0
565,Sarabia,20,3,5.0,39,3.8,50.5,164.2,185.2,157.0,2.57,1.68,4.25,0,1,4.0
566,Strand Larsen,20,4,5.4,115,7.2,147.6,511.0,269.0,699.0,7.68,0.94,8.62,0,5,4.0
567,Toti,20,2,4.3,61,3.0,68.7,474.6,113.8,98.0,0.73,0.55,1.28,0,6,4.0
637,Meupiyou,20,2,3.9,0,0.0,0.0,0.0,0.0,0.0,0.00,0.00,0.00,0,0,4.0
642,André,20,3,5.0,47,1.8,50.8,284.4,199.4,26.0,0.27,0.35,0.62,0,5,4.0
655,Forbs,20,3,5.4,8,0.0,8.3,25.8,24.1,35.0,0.15,0.10,0.25,0,0,4.0
664,Pond,20,2,3.9,1,0.0,0.0,0.0,0.0,0.0,0.00,0.00,0.00,0,0,4.0
682,Edozie,20,3,4.5,0,0.0,0.0,0.0,0.0,0.0,0.00,0.00,0.00,0,0,4.0
711,Okoduwa,20,2,4.0,0,0.0,0.0,0.0,0.0,0.0,0.00,0.00,0.00,0,0,4.0
720,Agbadou,20,2,4.0,21,3.0,26.6,215.6,28.1,22.0,0.21,0.06,0.27,0,2,4.0
751,Pereira,20,5,0.8,70,7.2,0.0,0.0,0.0,0.0,0.00,0.00,0.00,0,0,4.0
769,Djiga,20,2,4.5,3,0.5,0.5,3.6,1.2,0.0,0.00,0.00,0.00,0,0,4.0
770,Munetsi,20,3,5.0,25,4.0,27.0,102.6,46.3,120.0,2.85,0.04,2.88,0,3,4.0
784,Mané,20,4,4.5,0,0.0,0.0,0.0,0.0,0.0,0.00,0.00,0.00,0,0,4.0
